文件名,类别,独热编码,x1,y1,x2,y2,x3,y3,x4,y4,x5,y5,x6,y6,x7,y7,x8,y8,x9,y9,x10,y10,x11,y11,x12,y12,x13,y13,x14,y14,x15,y15,x16,y16,x17,y17,x18,y18,x19,y19,x20,y20,x21,y21,x22,y22,x23,y23,x24,y24,x25,y25,x26,y26,x27,y27,x28,y28,x29,y29,x30,y30
17.JPG,J,"1,0,0,0",22.0,10.0,22.0,13.2,22.0,16.4,22.0,19.6,22.0,22.9,22.0,26.1,22.0,29.3,22.0,32.5,22.0,35.7,22.0,38.9,22.0,42.1,22.0,45.4,22.0,48.6,22.0,51.8,22.0,55.0,22.0,55.0,20.3,55.0,18.6,55.0,16.9,55.0,15.1,55.0,13.4,55.0,11.7,55.0,10.0,55.0,10.0,55.0,9.3,52.7,8.7,50.3,8.0,48.0,8.0,48.0,10.0,49.0,12.0,50.0
125.JPG,J,"1,0,0,0",22.0,10.0,22.0,13.2,22.0,16.4,22.0,19.6,22.0,22.9,22.0,26.1,22.0,29.3,22.0,32.5,22.0,35.7,22.0,38.9,22.0,42.1,22.0,45.4,22.0,48.6,22.0,51.8,22.0,55.0,22.0,55.0,20.3,55.0,18.6,55.0,16.9,55.0,15.1,55.0,13.4,55.0,11.7,55.0,10.0,55.0,10.0,55.0,9.3,52.7,8.7,50.3,8.0,48.0,8.0,48.0,10.0,49.0,12.0,50.0
25.JPG,J,"1,0,0,0",22.0,10.0,22.0,13.2,22.0,16.4,22.0,19.6,22.0,22.9,22.0,26.1,22.0,29.3,22.0,32.5,22.0,35.7,22.0,38.9,22.0,42.1,22.0,45.4,22.0,48.6,22.0,51.8,22.0,55.0,22.0,55.0,20.3,55.0,18.6,55.0,16.9,55.0,15.1,55.0,13.4,55.0,11.7,55.0,10.0,55.0,10.0,55.0,9.3,52.7,8.7,50.3,8.0,48.0,8.0,48.0,10.0,49.0,12.0,50.0
19.JPG,J,"1,0,0,0",22.0,10.0,22.0,13.2,22.0,16.4,22.0,19.6,22.0,22.9,22.0,26.1,22.0,29.3,22.0,32.5,22.0,35.7,22.0,38.9,22.0,42.1,22.0,45.4,22.0,48.6,22.0,51.8,22.0,55.0,22.0,55.0,20.3,55.0,18.6,55.0,16.9,55.0,15.1,55.0,13.4,55.0,11.7,55.0,10.0,55.0,10.0,55.0,9.3,52.7,8.7,50.3,8.0,48.0,8.0,48.0,10.0,49.0,12.0,50.0
138.JPG,J,"1,0,0,0",22.0,10.0,22.0,13.2,22.0,16.4,22.0,19.6,22.0,22.9,22.0,26.1,22.0,29.3,22.0,32.5,22.0,35.7,22.0,38.9,22.0,42.1,22.0,45.4,22.0,48.6,22.0,51.8,22.0,55.0,22.0,55.0,20.3,55.0,18.6,55.0,16.9,55.0,15.1,55.0,13.4,55.0,11.7,55.0,10.0,55.0,10.0,55.0,9.3,52.7,8.7,50.3,8.0,48.0,8.0,48.0,10.0,49.0,12.0,50.0
26.JPG,J,"1,0,0,0",22.0,10.0,22.0,13.2,22.0,16.4,22.0,19.6,22.0,22.9,22.0,26.1,22.0,29.3,22.0,32.5,22.0,35.7,22.0,38.9,22.0,42.1,22.0,45.4,22.0,48.6,22.0,51.8,22.0,55.0,22.0,55.0,20.3,55.0,18.6,55.0,16.9,55.0,15.1,55.0,13.4,55.0,11.7,55.0,10.0,55.0,10.0,55.0,9.3,52.7,8.7,50.3,8.0,48.0,8.0,48.0,10.0,49.0,12.0,50.0
30.JPG,J,"1,0,0,0",22.0,10.0,22.0,13.2,22.0,16.4,22.0,19.6,22.0,22.9,22.0,26.1,22.0,29.3,22.0,32.5,22.0,35.7,22.0,38.9,22.0,42.1,22.0,45.4,22.0,48.6,22.0,51.8,22.0,55.0,22.0,55.0,20.3,55.0,18.6,55.0,16.9,55.0,15.1,55.0,13.4,55.0,11.7,55.0,10.0,55.0,10.0,55.0,9.3,52.7,8.7,50.3,8.0,48.0,8.0,48.0,10.0,49.0,12.0,50.0
98.JPG,J,"1,0,0,0",22.0,10.0,22.0,13.2,22.0,16.4,22.0,19.6,22.0,22.9,22.0,26.1,22.0,29.3,22.0,32.5,22.0,35.7,22.0,38.9,22.0,42.1,22.0,45.4,22.0,48.6,22.0,51.8,22.0,55.0,22.0,55.0,20.3,55.0,18.6,55.0,16.9,55.0,15.1,55.0,13.4,55.0,11.7,55.0,10.0,55.0,10.0,55.0,9.3,52.7,8.7,50.3,8.0,48.0,8.0,48.0,10.0,49.0,12.0,50.0
150.JPG,J,"1,0,0,0",22.0,10.0,22.0,13.2,22.0,16.4,22.0,19.6,22.0,22.9,22.0,26.1,22.0,29.3,22.0,32.5,22.0,35.7,22.0,38.9,22.0,42.1,22.0,45.4,22.0,48.6,22.0,51.8,22.0,55.0,22.0,55.0,20.3,55.0,18.6,55.0,16.9,55.0,15.1,55.0,13.4,55.0,11.7,55.0,10.0,55.0,10.0,55.0,9.3,52.7,8.7,50.3,8.0,48.0,8.0,48.0,10.0,49.0,12.0,50.0
45.JPG,J,"1,0,0,0",22.0,10.0,22.0,13.2,22.0,16.4,22.0,19.6,22.0,22.9,22.0,26.1,22.0,29.3,22.0,32.5,22.0,35.7,22.0,38.9,22.0,42.1,22.0,45.4,22.0,48.6,22.0,51.8,22.0,55.0,22.0,55.0,20.3,55.0,18.6,55.0,16.9,55.0,15.1,55.0,13.4,55.0,11.7,55.0,10.0,55.0,10.0,55.0,9.3,52.7,8.7,50.3,8.0,48.0,8.0,48.0,10.0,49.0,12.0,50.0
145.JPG,J,"1,0,0,0",22.0,10.0,22.0,13.2,22.0,16.4,22.0,19.6,22.0,22.9,22.0,26.1,22.0,29.3,22.0,32.5,22.0,35.7,22.0,38.9,22.0,42.1,22.0,45.4,22.0,48.6,22.0,51.8,22.0,55.0,22.0,55.0,20.3,55.0,18.6,55.0,16.9,55.0,15.1,55.0,13.4,55.0,11.7,55.0,10.0,55.0,10.0,55.0,9.3,52.7,8.7,50.3,8.0,48.0,8.0,48.0,10.0,49.0,12.0,50.0
149.JPG,J,"1,0,0,0",22.0,10.0,22.0,13.2,22.0,16.4,22.0,19.6,22.0,22.9,22.0,26.1,22.0,29.3,22.0,32.5,22.0,35.7,22.0,38.9,22.0,42.1,22.0,45.4,22.0,48.6,22.0,51.8,22.0,55.0,22.0,55.0,20.3,55.0,18.6,55.0,16.9,55.0,15.1,55.0,13.4,55.0,11.7,55.0,10.0,55.0,10.0,55.0,9.3,52.7,8.7,50.3,8.0,48.0,8.0,48.0,10.0,49.0,12.0,50.0
54.JPG,J,"1,0,0,0",22.0,10.0,22.0,13.2,22.0,16.4,22.0,19.6,22.0,22.9,22.0,26.1,22.0,29.3,22.0,32.5,22.0,35.7,22.0,38.9,22.0,42.1,22.0,45.4,22.0,48.6,22.0,51.8,22.0,55.0,22.0,55.0,20.3,55.0,18.6,55.0,16.9,55.0,15.1,55.0,13.4,55.0,11.7,55.0,10.0,55.0,10.0,55.0,9.3,52.7,8.7,50.3,8.0,48.0,8.0,48.0,10.0,49.0,12.0,50.0
123.JPG,J,"1,0,0,0",22.0,10.0,22.0,13.2,22.0,16.4,22.0,19.6,22.0,22.9,22.0,26.1,22.0,29.3,22.0,32.5,22.0,35.7,22.0,38.9,22.0,42.1,22.0,45.4,22.0,48.6,22.0,51.8,22.0,55.0,22.0,55.0,20.3,55.0,18.6,55.0,16.9,55.0,15.1,55.0,13.4,55.0,11.7,55.0,10.0,55.0,10.0,55.0,9.3,52.7,8.7,50.3,8.0,48.0,8.0,48.0,10.0,49.0,12.0,50.0
72.JPG,J,"1,0,0,0",22.0,10.0,22.0,13.2,22.0,16.4,22.0,19.6,22.0,22.9,22.0,26.1,22.0,29.3,22.0,32.5,22.0,35.7,22.0,38.9,22.0,42.1,22.0,45.4,22.0,48.6,22.0,51.8,22.0,55.0,22.0,55.0,20.3,55.0,18.6,55.0,16.9,55.0,15.1,55.0,13.4,55.0,11.7,55.0,10.0,55.0,10.0,55.0,9.3,52.7,8.7,50.3,8.0,48.0,8.0,48.0,10.0,49.0,12.0,50.0
60.JPG,J,"1,0,0,0",22.0,10.0,22.0,13.2,22.0,16.4,22.0,19.6,22.0,22.9,22.0,26.1,22.0,29.3,22.0,32.5,22.0,35.7,22.0,38.9,22.0,42.1,22.0,45.4,22.0,48.6,22.0,51.8,22.0,55.0,22.0,55.0,20.3,55.0,18.6,55.0,16.9,55.0,15.1,55.0,13.4,55.0,11.7,55.0,10.0,55.0,10.0,55.0,9.3,52.7,8.7,50.3,8.0,48.0,8.0,48.0,10.0,49.0,12.0,50.0
131.JPG,J,"1,0,0,0",22.0,10.0,22.0,13.2,22.0,16.4,22.0,19.6,22.0,22.9,22.0,26.1,22.0,29.3,22.0,32.5,22.0,35.7,22.0,38.9,22.0,42.1,22.0,45.4,22.0,48.6,22.0,51.8,22.0,55.0,22.0,55.0,20.3,55.0,18.6,55.0,16.9,55.0,15.1,55.0,13.4,55.0,11.7,55.0,10.0,55.0,10.0,55.0,9.3,52.7,8.7,50.3,8.0,48.0,8.0,48.0,10.0,49.0,12.0,50.0
90.JPG,J,"1,0,0,0",22.0,10.0,22.0,13.2,22.0,16.4,22.0,19.6,22.0,22.9,22.0,26.1,22.0,29.3,22.0,32.5,22.0,35.7,22.0,38.9,22.0,42.1,22.0,45.4,22.0,48.6,22.0,51.8,22.0,55.0,22.0,55.0,20.3,55.0,18.6,55.0,16.9,55.0,15.1,55.0,13.4,55.0,11.7,55.0,10.0,55.0,10.0,55.0,9.3,52.7,8.7,50.3,8.0,48.0,8.0,48.0,10.0,49.0,12.0,50.0
142.JPG,J,"1,0,0,0",22.0,10.0,22.0,13.2,22.0,16.4,22.0,19.6,22.0,22.9,22.0,26.1,22.0,29.3,22.0,32.5,22.0,35.7,22.0,38.9,22.0,42.1,22.0,45.4,22.0,48.6,22.0,51.8,22.0,55.0,22.0,55.0,20.3,55.0,18.6,55.0,16.9,55.0,15.1,55.0,13.4,55.0,11.7,55.0,10.0,55.0,10.0,55.0,9.3,52.7,8.7,50.3,8.0,48.0,8.0,48.0,10.0,49.0,12.0,50.0
85.JPG,J,"1,0,0,0",22.0,10.0,22.0,13.2,22.0,16.4,22.0,19.6,22.0,22.9,22.0,26.1,22.0,29.3,22.0,32.5,22.0,35.7,22.0,38.9,22.0,42.1,22.0,45.4,22.0,48.6,22.0,51.8,22.0,55.0,22.0,55.0,20.3,55.0,18.6,55.0,16.9,55.0,15.1,55.0,13.4,55.0,11.7,55.0,10.0,55.0,10.0,55.0,9.3,52.7,8.7,50.3,8.0,48.0,8.0,48.0,10.0,49.0,12.0,50.0
46.JPG,J,"1,0,0,0",22.0,10.0,22.0,13.2,22.0,16.4,22.0,19.6,22.0,22.9,22.0,26.1,22.0,29.3,22.0,32.5,22.0,35.7,22.0,38.9,22.0,42.1,22.0,45.4,22.0,48.6,22.0,51.8,22.0,55.0,22.0,55.0,20.3,55.0,18.6,55.0,16.9,55.0,15.1,55.0,13.4,55.0,11.7,55.0,10.0,55.0,10.0,55.0,9.3,52.7,8.7,50.3,8.0,48.0,8.0,48.0,10.0,49.0,12.0,50.0
4.JPG,J,"1,0,0,0",22.0,10.0,22.0,13.2,22.0,16.4,22.0,19.6,22.0,22.9,22.0,26.1,22.0,29.3,22.0,32.5,22.0,35.7,22.0,38.9,22.0,42.1,22.0,45.4,22.0,48.6,22.0,51.8,22.0,55.0,22.0,55.0,20.3,55.0,18.6,55.0,16.9,55.0,15.1,55.0,13.4,55.0,11.7,55.0,10.0,55.0,10.0,55.0,9.3,52.7,8.7,50.3,8.0,48.0,8.0,48.0,10.0,49.0,12.0,50.0
113.JPG,J,"1,0,0,0",22.0,10.0,22.0,13.2,22.0,16.4,22.0,19.6,22.0,22.9,22.0,26.1,22.0,29.3,22.0,32.5,22.0,35.7,22.0,38.9,22.0,42.1,22.0,45.4,22.0,48.6,22.0,51.8,22.0,55.0,22.0,55.0,20.3,55.0,18.6,55.0,16.9,55.0,15.1,55.0,13.4,55.0,11.7,55.0,10.0,55.0,10.0,55.0,9.3,52.7,8.7,50.3,8.0,48.0,8.0,48.0,10.0,49.0,12.0,50.0
136.JPG,J,"1,0,0,0",22.0,10.0,22.0,13.2,22.0,16.4,22.0,19.6,22.0,22.9,22.0,26.1,22.0,29.3,22.0,32.5,22.0,35.7,22.0,38.9,22.0,42.1,22.0,45.4,22.0,48.6,22.0,51.8,22.0,55.0,22.0,55.0,20.3,55.0,18.6,55.0,16.9,55.0,15.1,55.0,13.4,55.0,11.7,55.0,10.0,55.0,10.0,55.0,9.3,52.7,8.7,50.3,8.0,48.0,8.0,48.0,10.0,49.0,12.0,50.0
29.JPG,J,"1,0,0,0",22.0,10.0,22.0,13.2,22.0,16.4,22.0,19.6,22.0,22.9,22.0,26.1,22.0,29.3,22.0,32.5,22.0,35.7,22.0,38.9,22.0,42.1,22.0,45.4,22.0,48.6,22.0,51.8,22.0,55.0,22.0,55.0,20.3,55.0,18.6,55.0,16.9,55.0,15.1,55.0,13.4,55.0,11.7,55.0,10.0,55.0,10.0,55.0,9.3,52.7,8.7,50.3,8.0,48.0,8.0,48.0,10.0,49.0,12.0,50.0
99.JPG,J,"1,0,0,0",22.0,10.0,22.0,13.2,22.0,16.4,22.0,19.6,22.0,22.9,22.0,26.1,22.0,29.3,22.0,32.5,22.0,35.7,22.0,38.9,22.0,42.1,22.0,45.4,22.0,48.6,22.0,51.8,22.0,55.0,22.0,55.0,20.3,55.0,18.6,55.0,16.9,55.0,15.1,55.0,13.4,55.0,11.7,55.0,10.0,55.0,10.0,55.0,9.3,52.7,8.7,50.3,8.0,48.0,8.0,48.0,10.0,49.0,12.0,50.0
47.JPG,J,"1,0,0,0",22.0,10.0,22.0,13.2,22.0,16.4,22.0,19.6,22.0,22.9,22.0,26.1,22.0,29.3,22.0,32.5,22.0,35.7,22.0,38.9,22.0,42.1,22.0,45.4,22.0,48.6,22.0,51.8,22.0,55.0,22.0,55.0,20.3,55.0,18.6,55.0,16.9,55.0,15.1,55.0,13.4,55.0,11.7,55.0,10.0,55.0,10.0,55.0,9.3,52.7,8.7,50.3,8.0,48.0,8.0,48.0,10.0,49.0,12.0,50.0
9.JPG,J,"1,0,0,0",22.0,10.0,22.0,13.2,22.0,16.4,22.0,19.6,22.0,22.9,22.0,26.1,22.0,29.3,22.0,32.5,22.0,35.7,22.0,38.9,22.0,42.1,22.0,45.4,22.0,48.6,22.0,51.8,22.0,55.0,22.0,55.0,20.3,55.0,18.6,55.0,16.9,55.0,15.1,55.0,13.4,55.0,11.7,55.0,10.0,55.0,10.0,55.0,9.3,52.7,8.7,50.3,8.0,48.0,8.0,48.0,10.0,49.0,12.0,50.0
148.JPG,J,"1,0,0,0",22.0,10.0,22.0,13.2,22.0,16.4,22.0,19.6,22.0,22.9,22.0,26.1,22.0,29.3,22.0,32.5,22.0,35.7,22.0,38.9,22.0,42.1,22.0,45.4,22.0,48.6,22.0,51.8,22.0,55.0,22.0,55.0,20.3,55.0,18.6,55.0,16.9,55.0,15.1,55.0,13.4,55.0,11.7,55.0,10.0,55.0,10.0,55.0,9.3,52.7,8.7,50.3,8.0,48.0,8.0,48.0,10.0,49.0,12.0,50.0
61.JPG,J,"1,0,0,0",22.0,10.0,22.0,13.2,22.0,16.4,22.0,19.6,22.0,22.9,22.0,26.1,22.0,29.3,22.0,32.5,22.0,35.7,22.0,38.9,22.0,42.1,22.0,45.4,22.0,48.6,22.0,51.8,22.0,55.0,22.0,55.0,20.3,55.0,18.6,55.0,16.9,55.0,15.1,55.0,13.4,55.0,11.7,55.0,10.0,55.0,10.0,55.0,9.3,52.7,8.7,50.3,8.0,48.0,8.0,48.0,10.0,49.0,12.0,50.0
109.JPG,J,"1,0,0,0",22.0,10.0,22.0,13.2,22.0,16.4,22.0,19.6,22.0,22.9,22.0,26.1,22.0,29.3,22.0,32.5,22.0,35.7,22.0,38.9,22.0,42.1,22.0,45.4,22.0,48.6,22.0,51.8,22.0,55.0,22.0,55.0,20.3,55.0,18.6,55.0,16.9,55.0,15.1,55.0,13.4,55.0,11.7,55.0,10.0,55.0,10.0,55.0,9.3,52.7,8.7,50.3,8.0,48.0,8.0,48.0,10.0,49.0,12.0,50.0
102.JPG,J,"1,0,0,0",22.0,10.0,22.0,13.2,22.0,16.4,22.0,19.6,22.0,22.9,22.0,26.1,22.0,29.3,22.0,32.5,22.0,35.7,22.0,38.9,22.0,42.1,22.0,45.4,22.0,48.6,22.0,51.8,22.0,55.0,22.0,55.0,20.3,55.0,18.6,55.0,16.9,55.0,15.1,55.0,13.4,55.0,11.7,55.0,10.0,55.0,10.0,55.0,9.3,52.7,8.7,50.3,8.0,48.0,8.0,48.0,10.0,49.0,12.0,50.0
24.JPG,J,"1,0,0,0",22.0,10.0,22.0,13.2,22.0,16.4,22.0,19.6,22.0,22.9,22.0,26.1,22.0,29.3,22.0,32.5,22.0,35.7,22.0,38.9,22.0,42.1,22.0,45.4,22.0,48.6,22.0,51.8,22.0,55.0,22.0,55.0,20.3,55.0,18.6,55.0,16.9,55.0,15.1,55.0,13.4,55.0,11.7,55.0,10.0,55.0,10.0,55.0,9.3,52.7,8.7,50.3,8.0,48.0,8.0,48.0,10.0,49.0,12.0,50.0
62.JPG,J,"1,0,0,0",22.0,10.0,22.0,13.2,22.0,16.4,22.0,19.6,22.0,22.9,22.0,26.1,22.0,29.3,22.0,32.5,22.0,35.7,22.0,38.9,22.0,42.1,22.0,45.4,22.0,48.6,22.0,51.8,22.0,55.0,22.0,55.0,20.3,55.0,18.6,55.0,16.9,55.0,15.1,55.0,13.4,55.0,11.7,55.0,10.0,55.0,10.0,55.0,9.3,52.7,8.7,50.3,8.0,48.0,8.0,48.0,10.0,49.0,12.0,50.0
130.JPG,J,"1,0,0,0",22.0,10.0,22.0,13.2,22.0,16.4,22.0,19.6,22.0,22.9,22.0,26.1,22.0,29.3,22.0,32.5,22.0,35.7,22.0,38.9,22.0,42.1,22.0,45.4,22.0,48.6,22.0,51.8,22.0,55.0,22.0,55.0,20.3,55.0,18.6,55.0,16.9,55.0,15.1,55.0,13.4,55.0,11.7,55.0,10.0,55.0,10.0,55.0,9.3,52.7,8.7,50.3,8.0,48.0,8.0,48.0,10.0,49.0,12.0,50.0
71.JPG,J,"1,0,0,0",22.0,10.0,22.0,13.2,22.0,16.4,22.0,19.6,22.0,22.9,22.0,26.1,22.0,29.3,22.0,32.5,22.0,35.7,22.0,38.9,22.0,42.1,22.0,45.4,22.0,48.6,22.0,51.8,22.0,55.0,22.0,55.0,20.3,55.0,18.6,55.0,16.9,55.0,15.1,55.0,13.4,55.0,11.7,55.0,10.0,55.0,10.0,55.0,9.3,52.7,8.7,50.3,8.0,48.0,8.0,48.0,10.0,49.0,12.0,50.0
76.JPG,J,"1,0,0,0",22.0,10.0,22.0,13.2,22.0,16.4,22.0,19.6,22.0,22.9,22.0,26.1,22.0,29.3,22.0,32.5,22.0,35.7,22.0,38.9,22.0,42.1,22.0,45.4,22.0,48.6,22.0,51.8,22.0,55.0,22.0,55.0,20.3,55.0,18.6,55.0,16.9,55.0,15.1,55.0,13.4,55.0,11.7,55.0,10.0,55.0,10.0,55.0,9.3,52.7,8.7,50.3,8.0,48.0,8.0,48.0,10.0,49.0,12.0,50.0
139.JPG,J,"1,0,0,0",22.0,10.0,22.0,13.2,22.0,16.4,22.0,19.6,22.0,22.9,22.0,26.1,22.0,29.3,22.0,32.5,22.0,35.7,22.0,38.9,22.0,42.1,22.0,45.4,22.0,48.6,22.0,51.8,22.0,55.0,22.0,55.0,20.3,55.0,18.6,55.0,16.9,55.0,15.1,55.0,13.4,55.0,11.7,55.0,10.0,55.0,10.0,55.0,9.3,52.7,8.7,50.3,8.0,48.0,8.0,48.0,10.0,49.0,12.0,50.0
58.JPG,J,"1,0,0,0",22.0,10.0,22.0,13.2,22.0,16.4,22.0,19.6,22.0,22.9,22.0,26.1,22.0,29.3,22.0,32.5,22.0,35.7,22.0,38.9,22.0,42.1,22.0,45.4,22.0,48.6,22.0,51.8,22.0,55.0,22.0,55.0,20.3,55.0,18.6,55.0,16.9,55.0,15.1,55.0,13.4,55.0,11.7,55.0,10.0,55.0,10.0,55.0,9.3,52.7,8.7,50.3,8.0,48.0,8.0,48.0,10.0,49.0,12.0,50.0
21.JPG,J,"1,0,0,0",22.0,10.0,22.0,13.2,22.0,16.4,22.0,19.6,22.0,22.9,22.0,26.1,22.0,29.3,22.0,32.5,22.0,35.7,22.0,38.9,22.0,42.1,22.0,45.4,22.0,48.6,22.0,51.8,22.0,55.0,22.0,55.0,20.3,55.0,18.6,55.0,16.9,55.0,15.1,55.0,13.4,55.0,11.7,55.0,10.0,55.0,10.0,55.0,9.3,52.7,8.7,50.3,8.0,48.0,8.0,48.0,10.0,49.0,12.0,50.0
133.JPG,J,"1,0,0,0",22.0,10.0,22.0,13.2,22.0,16.4,22.0,19.6,22.0,22.9,22.0,26.1,22.0,29.3,22.0,32.5,22.0,35.7,22.0,38.9,22.0,42.1,22.0,45.4,22.0,48.6,22.0,51.8,22.0,55.0,22.0,55.0,20.3,55.0,18.6,55.0,16.9,55.0,15.1,55.0,13.4,55.0,11.7,55.0,10.0,55.0,10.0,55.0,9.3,52.7,8.7,50.3,8.0,48.0,8.0,48.0,10.0,49.0,12.0,50.0
143.JPG,J,"1,0,0,0",22.0,10.0,22.0,13.2,22.0,16.4,22.0,19.6,22.0,22.9,22.0,26.1,22.0,29.3,22.0,32.5,22.0,35.7,22.0,38.9,22.0,42.1,22.0,45.4,22.0,48.6,22.0,51.8,22.0,55.0,22.0,55.0,20.3,55.0,18.6,55.0,16.9,55.0,15.1,55.0,13.4,55.0,11.7,55.0,10.0,55.0,10.0,55.0,9.3,52.7,8.7,50.3,8.0,48.0,8.0,48.0,10.0,49.0,12.0,50.0
39.JPG,J,"1,0,0,0",22.0,10.0,22.0,13.2,22.0,16.4,22.0,19.6,22.0,22.9,22.0,26.1,22.0,29.3,22.0,32.5,22.0,35.7,22.0,38.9,22.0,42.1,22.0,45.4,22.0,48.6,22.0,51.8,22.0,55.0,22.0,55.0,20.3,55.0,18.6,55.0,16.9,55.0,15.1,55.0,13.4,55.0,11.7,55.0,10.0,55.0,10.0,55.0,9.3,52.7,8.7,50.3,8.0,48.0,8.0,48.0,10.0,49.0,12.0,50.0
2.JPG,J,"1,0,0,0",22.0,10.0,22.0,13.2,22.0,16.4,22.0,19.6,22.0,22.9,22.0,26.1,22.0,29.3,22.0,32.5,22.0,35.7,22.0,38.9,22.0,42.1,22.0,45.4,22.0,48.6,22.0,51.8,22.0,55.0,22.0,55.0,20.3,55.0,18.6,55.0,16.9,55.0,15.1,55.0,13.4,55.0,11.7,55.0,10.0,55.0,10.0,55.0,9.3,52.7,8.7,50.3,8.0,48.0,8.0,48.0,10.0,49.0,12.0,50.0
32.JPG,J,"1,0,0,0",22.0,10.0,22.0,13.2,22.0,16.4,22.0,19.6,22.0,22.9,22.0,26.1,22.0,29.3,22.0,32.5,22.0,35.7,22.0,38.9,22.0,42.1,22.0,45.4,22.0,48.6,22.0,51.8,22.0,55.0,22.0,55.0,20.3,55.0,18.6,55.0,16.9,55.0,15.1,55.0,13.4,55.0,11.7,55.0,10.0,55.0,10.0,55.0,9.3,52.7,8.7,50.3,8.0,48.0,8.0,48.0,10.0,49.0,12.0,50.0
135.JPG,J,"1,0,0,0",22.0,10.0,22.0,13.2,22.0,16.4,22.0,19.6,22.0,22.9,22.0,26.1,22.0,29.3,22.0,32.5,22.0,35.7,22.0,38.9,22.0,42.1,22.0,45.4,22.0,48.6,22.0,51.8,22.0,55.0,22.0,55.0,20.3,55.0,18.6,55.0,16.9,55.0,15.1,55.0,13.4,55.0,11.7,55.0,10.0,55.0,10.0,55.0,9.3,52.7,8.7,50.3,8.0,48.0,8.0,48.0,10.0,49.0,12.0,50.0
129.JPG,J,"1,0,0,0",22.0,10.0,22.0,13.2,22.0,16.4,22.0,19.6,22.0,22.9,22.0,26.1,22.0,29.3,22.0,32.5,22.0,35.7,22.0,38.9,22.0,42.1,22.0,45.4,22.0,48.6,22.0,51.8,22.0,55.0,22.0,55.0,20.3,55.0,18.6,55.0,16.9,55.0,15.1,55.0,13.4,55.0,11.7,55.0,10.0,55.0,10.0,55.0,9.3,52.7,8.7,50.3,8.0,48.0,8.0,48.0,10.0,49.0,12.0,50.0
110.JPG,J,"1,0,0,0",22.0,10.0,22.0,13.2,22.0,16.4,22.0,19.6,22.0,22.9,22.0,26.1,22.0,29.3,22.0,32.5,22.0,35.7,22.0,38.9,22.0,42.1,22.0,45.4,22.0,48.6,22.0,51.8,22.0,55.0,22.0,55.0,20.3,55.0,18.6,55.0,16.9,55.0,15.1,55.0,13.4,55.0,11.7,55.0,10.0,55.0,10.0,55.0,9.3,52.7,8.7,50.3,8.0,48.0,8.0,48.0,10.0,49.0,12.0,50.0
73.JPG,J,"1,0,0,0",22.0,10.0,22.0,13.2,22.0,16.4,22.0,19.6,22.0,22.9,22.0,26.1,22.0,29.3,22.0,32.5,22.0,35.7,22.0,38.9,22.0,42.1,22.0,45.4,22.0,48.6,22.0,51.8,22.0,55.0,22.0,55.0,20.3,55.0,18.6,55.0,16.9,55.0,15.1,55.0,13.4,55.0,11.7,55.0,10.0,55.0,10.0,55.0,9.3,52.7,8.7,50.3,8.0,48.0,8.0,48.0,10.0,49.0,12.0,50.0
112.JPG,J,"1,0,0,0",22.0,10.0,22.0,13.2,22.0,16.4,22.0,19.6,22.0,22.9,22.0,26.1,22.0,29.3,22.0,32.5,22.0,35.7,22.0,38.9,22.0,42.1,22.0,45.4,22.0,48.6,22.0,51.8,22.0,55.0,22.0,55.0,20.3,55.0,18.6,55.0,16.9,55.0,15.1,55.0,13.4,55.0,11.7,55.0,10.0,55.0,10.0,55.0,9.3,52.7,8.7,50.3,8.0,48.0,8.0,48.0,10.0,49.0,12.0,50.0
66.JPG,J,"1,0,0,0",22.0,10.0,22.0,13.2,22.0,16.4,22.0,19.6,22.0,22.9,22.0,26.1,22.0,29.3,22.0,32.5,22.0,35.7,22.0,38.9,22.0,42.1,22.0,45.4,22.0,48.6,22.0,51.8,22.0,55.0,22.0,55.0,20.3,55.0,18.6,55.0,16.9,55.0,15.1,55.0,13.4,55.0,11.7,55.0,10.0,55.0,10.0,55.0,9.3,52.7,8.7,50.3,8.0,48.0,8.0,48.0,10.0,49.0,12.0,50.0
86.JPG,J,"1,0,0,0",22.0,10.0,22.0,13.2,22.0,16.4,22.0,19.6,22.0,22.9,22.0,26.1,22.0,29.3,22.0,32.5,22.0,35.7,22.0,38.9,22.0,42.1,22.0,45.4,22.0,48.6,22.0,51.8,22.0,55.0,22.0,55.0,20.3,55.0,18.6,55.0,16.9,55.0,15.1,55.0,13.4,55.0,11.7,55.0,10.0,55.0,10.0,55.0,9.3,52.7,8.7,50.3,8.0,48.0,8.0,48.0,10.0,49.0,12.0,50.0
55.JPG,J,"1,0,0,0",22.0,10.0,22.0,13.2,22.0,16.4,22.0,19.6,22.0,22.9,22.0,26.1,22.0,29.3,22.0,32.5,22.0,35.7,22.0,38.9,22.0,42.1,22.0,45.4,22.0,48.6,22.0,51.8,22.0,55.0,22.0,55.0,20.3,55.0,18.6,55.0,16.9,55.0,15.1,55.0,13.4,55.0,11.7,55.0,10.0,55.0,10.0,55.0,9.3,52.7,8.7,50.3,8.0,48.0,8.0,48.0,10.0,49.0,12.0,50.0
34.JPG,J,"1,0,0,0",22.0,10.0,22.0,13.2,22.0,16.4,22.0,19.6,22.0,22.9,22.0,26.1,22.0,29.3,22.0,32.5,22.0,35.7,22.0,38.9,22.0,42.1,22.0,45.4,22.0,48.6,22.0,51.8,22.0,55.0,22.0,55.0,20.3,55.0,18.6,55.0,16.9,55.0,15.1,55.0,13.4,55.0,11.7,55.0,10.0,55.0,10.0,55.0,9.3,52.7,8.7,50.3,8.0,48.0,8.0,48.0,10.0,49.0,12.0,50.0
106.JPG,J,"1,0,0,0",22.0,10.0,22.0,13.2,22.0,16.4,22.0,19.6,22.0,22.9,22.0,26.1,22.0,29.3,22.0,32.5,22.0,35.7,22.0,38.9,22.0,42.1,22.0,45.4,22.0,48.6,22.0,51.8,22.0,55.0,22.0,55.0,20.3,55.0,18.6,55.0,16.9,55.0,15.1,55.0,13.4,55.0,11.7,55.0,10.0,55.0,10.0,55.0,9.3,52.7,8.7,50.3,8.0,48.0,8.0,48.0,10.0,49.0,12.0,50.0
64.JPG,J,"1,0,0,0",22.0,10.0,22.0,13.2,22.0,16.4,22.0,19.6,22.0,22.9,22.0,26.1,22.0,29.3,22.0,32.5,22.0,35.7,22.0,38.9,22.0,42.1,22.0,45.4,22.0,48.6,22.0,51.8,22.0,55.0,22.0,55.0,20.3,55.0,18.6,55.0,16.9,55.0,15.1,55.0,13.4,55.0,11.7,55.0,10.0,55.0,10.0,55.0,9.3,52.7,8.7,50.3,8.0,48.0,8.0,48.0,10.0,49.0,12.0,50.0
69.JPG,J,"1,0,0,0",22.0,10.0,22.0,13.2,22.0,16.4,22.0,19.6,22.0,22.9,22.0,26.1,22.0,29.3,22.0,32.5,22.0,35.7,22.0,38.9,22.0,42.1,22.0,45.4,22.0,48.6,22.0,51.8,22.0,55.0,22.0,55.0,20.3,55.0,18.6,55.0,16.9,55.0,15.1,55.0,13.4,55.0,11.7,55.0,10.0,55.0,10.0,55.0,9.3,52.7,8.7,50.3,8.0,48.0,8.0,48.0,10.0,49.0,12.0,50.0
44.JPG,J,"1,0,0,0",22.0,10.0,22.0,13.2,22.0,16.4,22.0,19.6,22.0,22.9,22.0,26.1,22.0,29.3,22.0,32.5,22.0,35.7,22.0,38.9,22.0,42.1,22.0,45.4,22.0,48.6,22.0,51.8,22.0,55.0,22.0,55.0,20.3,55.0,18.6,55.0,16.9,55.0,15.1,55.0,13.4,55.0,11.7,55.0,10.0,55.0,10.0,55.0,9.3,52.7,8.7,50.3,8.0,48.0,8.0,48.0,10.0,49.0,12.0,50.0
8.JPG,J,"1,0,0,0",22.0,10.0,22.0,13.2,22.0,16.4,22.0,19.6,22.0,22.9,22.0,26.1,22.0,29.3,22.0,32.5,22.0,35.7,22.0,38.9,22.0,42.1,22.0,45.4,22.0,48.6,22.0,51.8,22.0,55.0,22.0,55.0,20.3,55.0,18.6,55.0,16.9,55.0,15.1,55.0,13.4,55.0,11.7,55.0,10.0,55.0,10.0,55.0,9.3,52.7,8.7,50.3,8.0,48.0,8.0,48.0,10.0,49.0,12.0,50.0
108.JPG,J,"1,0,0,0",22.0,10.0,22.0,13.2,22.0,16.4,22.0,19.6,22.0,22.9,22.0,26.1,22.0,29.3,22.0,32.5,22.0,35.7,22.0,38.9,22.0,42.1,22.0,45.4,22.0,48.6,22.0,51.8,22.0,55.0,22.0,55.0,20.3,55.0,18.6,55.0,16.9,55.0,15.1,55.0,13.4,55.0,11.7,55.0,10.0,55.0,10.0,55.0,9.3,52.7,8.7,50.3,8.0,48.0,8.0,48.0,10.0,49.0,12.0,50.0
71.JPG,O,"0,1,0,0",17.9,47.6,15.1,43.8,13.2,39.6,12.2,35.0,12.1,30.2,12.9,25.5,14.6,21.2,17.1,17.3,20.3,14.1,24.1,11.8,28.2,10.4,32.5,10.0,36.8,10.7,40.9,12.3,44.5,14.9,47.6,18.2,49.9,22.2,51.4,26.7,52.0,31.4,51.6,36.1,50.4,40.7,48.2,44.8,45.4,48.4,41.8,51.2,37.9,53.0,33.6,53.9,29.3,53.8,25.1,52.7,21.2,50.5,17.9,47.6
129.JPG,O,"0,1,0,0",17.9,47.6,15.1,43.8,13.2,39.6,12.2,35.0,12.1,30.2,12.9,25.5,14.6,21.2,17.1,17.3,20.3,14.1,24.1,11.8,28.2,10.4,32.5,10.0,36.8,10.7,40.9,12.3,44.5,14.9,47.6,18.2,49.9,22.2,51.4,26.7,52.0,31.4,51.6,36.1,50.4,40.7,48.2,44.8,45.4,48.4,41.8,51.2,37.9,53.0,33.6,53.9,29.3,53.8,25.1,52.7,21.2,50.5,17.9,47.6
49.JPG,O,"0,1,0,0",17.9,47.6,15.1,43.8,13.2,39.6,12.2,35.0,12.1,30.2,12.9,25.5,14.6,21.2,17.1,17.3,20.3,14.1,24.1,11.8,28.2,10.4,32.5,10.0,36.8,10.7,40.9,12.3,44.5,14.9,47.6,18.2,49.9,22.2,51.4,26.7,52.0,31.4,51.6,36.1,50.4,40.7,48.2,44.8,45.4,48.4,41.8,51.2,37.9,53.0,33.6,53.9,29.3,53.8,25.1,52.7,21.2,50.5,17.9,47.6
99.JPG,O,"0,1,0,0",17.9,47.6,15.1,43.8,13.2,39.6,12.2,35.0,12.1,30.2,12.9,25.5,14.6,21.2,17.1,17.3,20.3,14.1,24.1,11.8,28.2,10.4,32.5,10.0,36.8,10.7,40.9,12.3,44.5,14.9,47.6,18.2,49.9,22.2,51.4,26.7,52.0,31.4,51.6,36.1,50.4,40.7,48.2,44.8,45.4,48.4,41.8,51.2,37.9,53.0,33.6,53.9,29.3,53.8,25.1,52.7,21.2,50.5,17.9,47.6
72.JPG,O,"0,1,0,0",17.9,47.6,15.1,43.8,13.2,39.6,12.2,35.0,12.1,30.2,12.9,25.5,14.6,21.2,17.1,17.3,20.3,14.1,24.1,11.8,28.2,10.4,32.5,10.0,36.8,10.7,40.9,12.3,44.5,14.9,47.6,18.2,49.9,22.2,51.4,26.7,52.0,31.4,51.6,36.1,50.4,40.7,48.2,44.8,45.4,48.4,41.8,51.2,37.9,53.0,33.6,53.9,29.3,53.8,25.1,52.7,21.2,50.5,17.9,47.6
52.JPG,O,"0,1,0,0",17.9,47.6,15.1,43.8,13.2,39.6,12.2,35.0,12.1,30.2,12.9,25.5,14.6,21.2,17.1,17.3,20.3,14.1,24.1,11.8,28.2,10.4,32.5,10.0,36.8,10.7,40.9,12.3,44.5,14.9,47.6,18.2,49.9,22.2,51.4,26.7,52.0,31.4,51.6,36.1,50.4,40.7,48.2,44.8,45.4,48.4,41.8,51.2,37.9,53.0,33.6,53.9,29.3,53.8,25.1,52.7,21.2,50.5,17.9,47.6
136.JPG,O,"0,1,0,0",17.9,47.6,15.1,43.8,13.2,39.6,12.2,35.0,12.1,30.2,12.9,25.5,14.6,21.2,17.1,17.3,20.3,14.1,24.1,11.8,28.2,10.4,32.5,10.0,36.8,10.7,40.9,12.3,44.5,14.9,47.6,18.2,49.9,22.2,51.4,26.7,52.0,31.4,51.6,36.1,50.4,40.7,48.2,44.8,45.4,48.4,41.8,51.2,37.9,53.0,33.6,53.9,29.3,53.8,25.1,52.7,21.2,50.5,17.9,47.6
4.JPG,O,"0,1,0,0",17.9,47.6,15.1,43.8,13.2,39.6,12.2,35.0,12.1,30.2,12.9,25.5,14.6,21.2,17.1,17.3,20.3,14.1,24.1,11.8,28.2,10.4,32.5,10.0,36.8,10.7,40.9,12.3,44.5,14.9,47.6,18.2,49.9,22.2,51.4,26.7,52.0,31.4,51.6,36.1,50.4,40.7,48.2,44.8,45.4,48.4,41.8,51.2,37.9,53.0,33.6,53.9,29.3,53.8,25.1,52.7,21.2,50.5,17.9,47.6
137.JPG,O,"0,1,0,0",17.9,47.6,15.1,43.8,13.2,39.6,12.2,35.0,12.1,30.2,12.9,25.5,14.6,21.2,17.1,17.3,20.3,14.1,24.1,11.8,28.2,10.4,32.5,10.0,36.8,10.7,40.9,12.3,44.5,14.9,47.6,18.2,49.9,22.2,51.4,26.7,52.0,31.4,51.6,36.1,50.4,40.7,48.2,44.8,45.4,48.4,41.8,51.2,37.9,53.0,33.6,53.9,29.3,53.8,25.1,52.7,21.2,50.5,17.9,47.6
135.JPG,O,"0,1,0,0",17.9,47.6,15.1,43.8,13.2,39.6,12.2,35.0,12.1,30.2,12.9,25.5,14.6,21.2,17.1,17.3,20.3,14.1,24.1,11.8,28.2,10.4,32.5,10.0,36.8,10.7,40.9,12.3,44.5,14.9,47.6,18.2,49.9,22.2,51.4,26.7,52.0,31.4,51.6,36.1,50.4,40.7,48.2,44.8,45.4,48.4,41.8,51.2,37.9,53.0,33.6,53.9,29.3,53.8,25.1,52.7,21.2,50.5,17.9,47.6
27.JPG,O,"0,1,0,0",17.9,47.6,15.1,43.8,13.2,39.6,12.2,35.0,12.1,30.2,12.9,25.5,14.6,21.2,17.1,17.3,20.3,14.1,24.1,11.8,28.2,10.4,32.5,10.0,36.8,10.7,40.9,12.3,44.5,14.9,47.6,18.2,49.9,22.2,51.4,26.7,52.0,31.4,51.6,36.1,50.4,40.7,48.2,44.8,45.4,48.4,41.8,51.2,37.9,53.0,33.6,53.9,29.3,53.8,25.1,52.7,21.2,50.5,17.9,47.6
100.JPG,O,"0,1,0,0",17.9,47.6,15.1,43.8,13.2,39.6,12.2,35.0,12.1,30.2,12.9,25.5,14.6,21.2,17.1,17.3,20.3,14.1,24.1,11.8,28.2,10.4,32.5,10.0,36.8,10.7,40.9,12.3,44.5,14.9,47.6,18.2,49.9,22.2,51.4,26.7,52.0,31.4,51.6,36.1,50.4,40.7,48.2,44.8,45.4,48.4,41.8,51.2,37.9,53.0,33.6,53.9,29.3,53.8,25.1,52.7,21.2,50.5,17.9,47.6
8.JPG,O,"0,1,0,0",17.9,47.6,15.1,43.8,13.2,39.6,12.2,35.0,12.1,30.2,12.9,25.5,14.6,21.2,17.1,17.3,20.3,14.1,24.1,11.8,28.2,10.4,32.5,10.0,36.8,10.7,40.9,12.3,44.5,14.9,47.6,18.2,49.9,22.2,51.4,26.7,52.0,31.4,51.6,36.1,50.4,40.7,48.2,44.8,45.4,48.4,41.8,51.2,37.9,53.0,33.6,53.9,29.3,53.8,25.1,52.7,21.2,50.5,17.9,47.6
82.JPG,O,"0,1,0,0",17.9,47.6,15.1,43.8,13.2,39.6,12.2,35.0,12.1,30.2,12.9,25.5,14.6,21.2,17.1,17.3,20.3,14.1,24.1,11.8,28.2,10.4,32.5,10.0,36.8,10.7,40.9,12.3,44.5,14.9,47.6,18.2,49.9,22.2,51.4,26.7,52.0,31.4,51.6,36.1,50.4,40.7,48.2,44.8,45.4,48.4,41.8,51.2,37.9,53.0,33.6,53.9,29.3,53.8,25.1,52.7,21.2,50.5,17.9,47.6
110.JPG,O,"0,1,0,0",17.9,47.6,15.1,43.8,13.2,39.6,12.2,35.0,12.1,30.2,12.9,25.5,14.6,21.2,17.1,17.3,20.3,14.1,24.1,11.8,28.2,10.4,32.5,10.0,36.8,10.7,40.9,12.3,44.5,14.9,47.6,18.2,49.9,22.2,51.4,26.7,52.0,31.4,51.6,36.1,50.4,40.7,48.2,44.8,45.4,48.4,41.8,51.2,37.9,53.0,33.6,53.9,29.3,53.8,25.1,52.7,21.2,50.5,17.9,47.6
83.JPG,O,"0,1,0,0",17.9,47.6,15.1,43.8,13.2,39.6,12.2,35.0,12.1,30.2,12.9,25.5,14.6,21.2,17.1,17.3,20.3,14.1,24.1,11.8,28.2,10.4,32.5,10.0,36.8,10.7,40.9,12.3,44.5,14.9,47.6,18.2,49.9,22.2,51.4,26.7,52.0,31.4,51.6,36.1,50.4,40.7,48.2,44.8,45.4,48.4,41.8,51.2,37.9,53.0,33.6,53.9,29.3,53.8,25.1,52.7,21.2,50.5,17.9,47.6
148.JPG,O,"0,1,0,0",17.9,47.6,15.1,43.8,13.2,39.6,12.2,35.0,12.1,30.2,12.9,25.5,14.6,21.2,17.1,17.3,20.3,14.1,24.1,11.8,28.2,10.4,32.5,10.0,36.8,10.7,40.9,12.3,44.5,14.9,47.6,18.2,49.9,22.2,51.4,26.7,52.0,31.4,51.6,36.1,50.4,40.7,48.2,44.8,45.4,48.4,41.8,51.2,37.9,53.0,33.6,53.9,29.3,53.8,25.1,52.7,21.2,50.5,17.9,47.6
19.JPG,O,"0,1,0,0",17.9,47.6,15.1,43.8,13.2,39.6,12.2,35.0,12.1,30.2,12.9,25.5,14.6,21.2,17.1,17.3,20.3,14.1,24.1,11.8,28.2,10.4,32.5,10.0,36.8,10.7,40.9,12.3,44.5,14.9,47.6,18.2,49.9,22.2,51.4,26.7,52.0,31.4,51.6,36.1,50.4,40.7,48.2,44.8,45.4,48.4,41.8,51.2,37.9,53.0,33.6,53.9,29.3,53.8,25.1,52.7,21.2,50.5,17.9,47.6
98.JPG,O,"0,1,0,0",17.9,47.6,15.1,43.8,13.2,39.6,12.2,35.0,12.1,30.2,12.9,25.5,14.6,21.2,17.1,17.3,20.3,14.1,24.1,11.8,28.2,10.4,32.5,10.0,36.8,10.7,40.9,12.3,44.5,14.9,47.6,18.2,49.9,22.2,51.4,26.7,52.0,31.4,51.6,36.1,50.4,40.7,48.2,44.8,45.4,48.4,41.8,51.2,37.9,53.0,33.6,53.9,29.3,53.8,25.1,52.7,21.2,50.5,17.9,47.6
35.JPG,O,"0,1,0,0",17.9,47.6,15.1,43.8,13.2,39.6,12.2,35.0,12.1,30.2,12.9,25.5,14.6,21.2,17.1,17.3,20.3,14.1,24.1,11.8,28.2,10.4,32.5,10.0,36.8,10.7,40.9,12.3,44.5,14.9,47.6,18.2,49.9,22.2,51.4,26.7,52.0,31.4,51.6,36.1,50.4,40.7,48.2,44.8,45.4,48.4,41.8,51.2,37.9,53.0,33.6,53.9,29.3,53.8,25.1,52.7,21.2,50.5,17.9,47.6
63.JPG,O,"0,1,0,0",17.9,47.6,15.1,43.8,13.2,39.6,12.2,35.0,12.1,30.2,12.9,25.5,14.6,21.2,17.1,17.3,20.3,14.1,24.1,11.8,28.2,10.4,32.5,10.0,36.8,10.7,40.9,12.3,44.5,14.9,47.6,18.2,49.9,22.2,51.4,26.7,52.0,31.4,51.6,36.1,50.4,40.7,48.2,44.8,45.4,48.4,41.8,51.2,37.9,53.0,33.6,53.9,29.3,53.8,25.1,52.7,21.2,50.5,17.9,47.6
43.JPG,O,"0,1,0,0",17.9,47.6,15.1,43.8,13.2,39.6,12.2,35.0,12.1,30.2,12.9,25.5,14.6,21.2,17.1,17.3,20.3,14.1,24.1,11.8,28.2,10.4,32.5,10.0,36.8,10.7,40.9,12.3,44.5,14.9,47.6,18.2,49.9,22.2,51.4,26.7,52.0,31.4,51.6,36.1,50.4,40.7,48.2,44.8,45.4,48.4,41.8,51.2,37.9,53.0,33.6,53.9,29.3,53.8,25.1,52.7,21.2,50.5,17.9,47.6
85.JPG,O,"0,1,0,0",17.9,47.6,15.1,43.8,13.2,39.6,12.2,35.0,12.1,30.2,12.9,25.5,14.6,21.2,17.1,17.3,20.3,14.1,24.1,11.8,28.2,10.4,32.5,10.0,36.8,10.7,40.9,12.3,44.5,14.9,47.6,18.2,49.9,22.2,51.4,26.7,52.0,31.4,51.6,36.1,50.4,40.7,48.2,44.8,45.4,48.4,41.8,51.2,37.9,53.0,33.6,53.9,29.3,53.8,25.1,52.7,21.2,50.5,17.9,47.6
97.JPG,O,"0,1,0,0",17.9,47.6,15.1,43.8,13.2,39.6,12.2,35.0,12.1,30.2,12.9,25.5,14.6,21.2,17.1,17.3,20.3,14.1,24.1,11.8,28.2,10.4,32.5,10.0,36.8,10.7,40.9,12.3,44.5,14.9,47.6,18.2,49.9,22.2,51.4,26.7,52.0,31.4,51.6,36.1,50.4,40.7,48.2,44.8,45.4,48.4,41.8,51.2,37.9,53.0,33.6,53.9,29.3,53.8,25.1,52.7,21.2,50.5,17.9,47.6
5.JPG,O,"0,1,0,0",17.9,47.6,15.1,43.8,13.2,39.6,12.2,35.0,12.1,30.2,12.9,25.5,14.6,21.2,17.1,17.3,20.3,14.1,24.1,11.8,28.2,10.4,32.5,10.0,36.8,10.7,40.9,12.3,44.5,14.9,47.6,18.2,49.9,22.2,51.4,26.7,52.0,31.4,51.6,36.1,50.4,40.7,48.2,44.8,45.4,48.4,41.8,51.2,37.9,53.0,33.6,53.9,29.3,53.8,25.1,52.7,21.2,50.5,17.9,47.6
142.JPG,O,"0,1,0,0",17.9,47.6,15.1,43.8,13.2,39.6,12.2,35.0,12.1,30.2,12.9,25.5,14.6,21.2,17.1,17.3,20.3,14.1,24.1,11.8,28.2,10.4,32.5,10.0,36.8,10.7,40.9,12.3,44.5,14.9,47.6,18.2,49.9,22.2,51.4,26.7,52.0,31.4,51.6,36.1,50.4,40.7,48.2,44.8,45.4,48.4,41.8,51.2,37.9,53.0,33.6,53.9,29.3,53.8,25.1,52.7,21.2,50.5,17.9,47.6
96.JPG,O,"0,1,0,0",17.9,47.6,15.1,43.8,13.2,39.6,12.2,35.0,12.1,30.2,12.9,25.5,14.6,21.2,17.1,17.3,20.3,14.1,24.1,11.8,28.2,10.4,32.5,10.0,36.8,10.7,40.9,12.3,44.5,14.9,47.6,18.2,49.9,22.2,51.4,26.7,52.0,31.4,51.6,36.1,50.4,40.7,48.2,44.8,45.4,48.4,41.8,51.2,37.9,53.0,33.6,53.9,29.3,53.8,25.1,52.7,21.2,50.5,17.9,47.6
10.JPG,O,"0,1,0,0",17.9,47.6,15.1,43.8,13.2,39.6,12.2,35.0,12.1,30.2,12.9,25.5,14.6,21.2,17.1,17.3,20.3,14.1,24.1,11.8,28.2,10.4,32.5,10.0,36.8,10.7,40.9,12.3,44.5,14.9,47.6,18.2,49.9,22.2,51.4,26.7,52.0,31.4,51.6,36.1,50.4,40.7,48.2,44.8,45.4,48.4,41.8,51.2,37.9,53.0,33.6,53.9,29.3,53.8,25.1,52.7,21.2,50.5,17.9,47.6
149.JPG,O,"0,1,0,0",17.9,47.6,15.1,43.8,13.2,39.6,12.2,35.0,12.1,30.2,12.9,25.5,14.6,21.2,17.1,17.3,20.3,14.1,24.1,11.8,28.2,10.4,32.5,10.0,36.8,10.7,40.9,12.3,44.5,14.9,47.6,18.2,49.9,22.2,51.4,26.7,52.0,31.4,51.6,36.1,50.4,40.7,48.2,44.8,45.4,48.4,41.8,51.2,37.9,53.0,33.6,53.9,29.3,53.8,25.1,52.7,21.2,50.5,17.9,47.6
101.JPG,O,"0,1,0,0",17.9,47.6,15.1,43.8,13.2,39.6,12.2,35.0,12.1,30.2,12.9,25.5,14.6,21.2,17.1,17.3,20.3,14.1,24.1,11.8,28.2,10.4,32.5,10.0,36.8,10.7,40.9,12.3,44.5,14.9,47.6,18.2,49.9,22.2,51.4,26.7,52.0,31.4,51.6,36.1,50.4,40.7,48.2,44.8,45.4,48.4,41.8,51.2,37.9,53.0,33.6,53.9,29.3,53.8,25.1,52.7,21.2,50.5,17.9,47.6
111.JPG,O,"0,1,0,0",17.9,47.6,15.1,43.8,13.2,39.6,12.2,35.0,12.1,30.2,12.9,25.5,14.6,21.2,17.1,17.3,20.3,14.1,24.1,11.8,28.2,10.4,32.5,10.0,36.8,10.7,40.9,12.3,44.5,14.9,47.6,18.2,49.9,22.2,51.4,26.7,52.0,31.4,51.6,36.1,50.4,40.7,48.2,44.8,45.4,48.4,41.8,51.2,37.9,53.0,33.6,53.9,29.3,53.8,25.1,52.7,21.2,50.5,17.9,47.6
95.JPG,O,"0,1,0,0",17.9,47.6,15.1,43.8,13.2,39.6,12.2,35.0,12.1,30.2,12.9,25.5,14.6,21.2,17.1,17.3,20.3,14.1,24.1,11.8,28.2,10.4,32.5,10.0,36.8,10.7,40.9,12.3,44.5,14.9,47.6,18.2,49.9,22.2,51.4,26.7,52.0,31.4,51.6,36.1,50.4,40.7,48.2,44.8,45.4,48.4,41.8,51.2,37.9,53.0,33.6,53.9,29.3,53.8,25.1,52.7,21.2,50.5,17.9,47.6
29.JPG,O,"0,1,0,0",17.9,47.6,15.1,43.8,13.2,39.6,12.2,35.0,12.1,30.2,12.9,25.5,14.6,21.2,17.1,17.3,20.3,14.1,24.1,11.8,28.2,10.4,32.5,10.0,36.8,10.7,40.9,12.3,44.5,14.9,47.6,18.2,49.9,22.2,51.4,26.7,52.0,31.4,51.6,36.1,50.4,40.7,48.2,44.8,45.4,48.4,41.8,51.2,37.9,53.0,33.6,53.9,29.3,53.8,25.1,52.7,21.2,50.5,17.9,47.6
77.JPG,O,"0,1,0,0",17.9,47.6,15.1,43.8,13.2,39.6,12.2,35.0,12.1,30.2,12.9,25.5,14.6,21.2,17.1,17.3,20.3,14.1,24.1,11.8,28.2,10.4,32.5,10.0,36.8,10.7,40.9,12.3,44.5,14.9,47.6,18.2,49.9,22.2,51.4,26.7,52.0,31.4,51.6,36.1,50.4,40.7,48.2,44.8,45.4,48.4,41.8,51.2,37.9,53.0,33.6,53.9,29.3,53.8,25.1,52.7,21.2,50.5,17.9,47.6
80.JPG,O,"0,1,0,0",17.9,47.6,15.1,43.8,13.2,39.6,12.2,35.0,12.1,30.2,12.9,25.5,14.6,21.2,17.1,17.3,20.3,14.1,24.1,11.8,28.2,10.4,32.5,10.0,36.8,10.7,40.9,12.3,44.5,14.9,47.6,18.2,49.9,22.2,51.4,26.7,52.0,31.4,51.6,36.1,50.4,40.7,48.2,44.8,45.4,48.4,41.8,51.2,37.9,53.0,33.6,53.9,29.3,53.8,25.1,52.7,21.2,50.5,17.9,47.6
91.JPG,O,"0,1,0,0",17.9,47.6,15.1,43.8,13.2,39.6,12.2,35.0,12.1,30.2,12.9,25.5,14.6,21.2,17.1,17.3,20.3,14.1,24.1,11.8,28.2,10.4,32.5,10.0,36.8,10.7,40.9,12.3,44.5,14.9,47.6,18.2,49.9,22.2,51.4,26.7,52.0,31.4,51.6,36.1,50.4,40.7,48.2,44.8,45.4,48.4,41.8,51.2,37.9,53.0,33.6,53.9,29.3,53.8,25.1,52.7,21.2,50.5,17.9,47.6
145.JPG,O,"0,1,0,0",17.9,47.6,15.1,43.8,13.2,39.6,12.2,35.0,12.1,30.2,12.9,25.5,14.6,21.2,17.1,17.3,20.3,14.1,24.1,11.8,28.2,10.4,32.5,10.0,36.8,10.7,40.9,12.3,44.5,14.9,47.6,18.2,49.9,22.2,51.4,26.7,52.0,31.4,51.6,36.1,50.4,40.7,48.2,44.8,45.4,48.4,41.8,51.2,37.9,53.0,33.6,53.9,29.3,53.8,25.1,52.7,21.2,50.5,17.9,47.6
102.JPG,O,"0,1,0,0",17.9,47.6,15.1,43.8,13.2,39.6,12.2,35.0,12.1,30.2,12.9,25.5,14.6,21.2,17.1,17.3,20.3,14.1,24.1,11.8,28.2,10.4,32.5,10.0,36.8,10.7,40.9,12.3,44.5,14.9,47.6,18.2,49.9,22.2,51.4,26.7,52.0,31.4,51.6,36.1,50.4,40.7,48.2,44.8,45.4,48.4,41.8,51.2,37.9,53.0,33.6,53.9,29.3,53.8,25.1,52.7,21.2,50.5,17.9,47.6
81.JPG,O,"0,1,0,0",17.9,47.6,15.1,43.8,13.2,39.6,12.2,35.0,12.1,30.2,12.9,25.5,14.6,21.2,17.1,17.3,20.3,14.1,24.1,11.8,28.2,10.4,32.5,10.0,36.8,10.7,40.9,12.3,44.5,14.9,47.6,18.2,49.9,22.2,51.4,26.7,52.0,31.4,51.6,36.1,50.4,40.7,48.2,44.8,45.4,48.4,41.8,51.2,37.9,53.0,33.6,53.9,29.3,53.8,25.1,52.7,21.2,50.5,17.9,47.6
36.JPG,O,"0,1,0,0",17.9,47.6,15.1,43.8,13.2,39.6,12.2,35.0,12.1,30.2,12.9,25.5,14.6,21.2,17.1,17.3,20.3,14.1,24.1,11.8,28.2,10.4,32.5,10.0,36.8,10.7,40.9,12.3,44.5,14.9,47.6,18.2,49.9,22.2,51.4,26.7,52.0,31.4,51.6,36.1,50.4,40.7,48.2,44.8,45.4,48.4,41.8,51.2,37.9,53.0,33.6,53.9,29.3,53.8,25.1,52.7,21.2,50.5,17.9,47.6
92.JPG,O,"0,1,0,0",17.9,47.6,15.1,43.8,13.2,39.6,12.2,35.0,12.1,30.2,12.9,25.5,14.6,21.2,17.1,17.3,20.3,14.1,24.1,11.8,28.2,10.4,32.5,10.0,36.8,10.7,40.9,12.3,44.5,14.9,47.6,18.2,49.9,22.2,51.4,26.7,52.0,31.4,51.6,36.1,50.4,40.7,48.2,44.8,45.4,48.4,41.8,51.2,37.9,53.0,33.6,53.9,29.3,53.8,25.1,52.7,21.2,50.5,17.9,47.6
18.JPG,O,"0,1,0,0",17.9,47.6,15.1,43.8,13.2,39.6,12.2,35.0,12.1,30.2,12.9,25.5,14.6,21.2,17.1,17.3,20.3,14.1,24.1,11.8,28.2,10.4,32.5,10.0,36.8,10.7,40.9,12.3,44.5,14.9,47.6,18.2,49.9,22.2,51.4,26.7,52.0,31.4,51.6,36.1,50.4,40.7,48.2,44.8,45.4,48.4,41.8,51.2,37.9,53.0,33.6,53.9,29.3,53.8,25.1,52.7,21.2,50.5,17.9,47.6
3.JPG,O,"0,1,0,0",17.9,47.6,15.1,43.8,13.2,39.6,12.2,35.0,12.1,30.2,12.9,25.5,14.6,21.2,17.1,17.3,20.3,14.1,24.1,11.8,28.2,10.4,32.5,10.0,36.8,10.7,40.9,12.3,44.5,14.9,47.6,18.2,49.9,22.2,51.4,26.7,52.0,31.4,51.6,36.1,50.4,40.7,48.2,44.8,45.4,48.4,41.8,51.2,37.9,53.0,33.6,53.9,29.3,53.8,25.1,52.7,21.2,50.5,17.9,47.6
105.JPG,O,"0,1,0,0",17.9,47.6,15.1,43.8,13.2,39.6,12.2,35.0,12.1,30.2,12.9,25.5,14.6,21.2,17.1,17.3,20.3,14.1,24.1,11.8,28.2,10.4,32.5,10.0,36.8,10.7,40.9,12.3,44.5,14.9,47.6,18.2,49.9,22.2,51.4,26.7,52.0,31.4,51.6,36.1,50.4,40.7,48.2,44.8,45.4,48.4,41.8,51.2,37.9,53.0,33.6,53.9,29.3,53.8,25.1,52.7,21.2,50.5,17.9,47.6
90.JPG,O,"0,1,0,0",17.9,47.6,15.1,43.8,13.2,39.6,12.2,35.0,12.1,30.2,12.9,25.5,14.6,21.2,17.1,17.3,20.3,14.1,24.1,11.8,28.2,10.4,32.5,10.0,36.8,10.7,40.9,12.3,44.5,14.9,47.6,18.2,49.9,22.2,51.4,26.7,52.0,31.4,51.6,36.1,50.4,40.7,48.2,44.8,45.4,48.4,41.8,51.2,37.9,53.0,33.6,53.9,29.3,53.8,25.1,52.7,21.2,50.5,17.9,47.6
141.JPG,O,"0,1,0,0",17.9,47.6,15.1,43.8,13.2,39.6,12.2,35.0,12.1,30.2,12.9,25.5,14.6,21.2,17.1,17.3,20.3,14.1,24.1,11.8,28.2,10.4,32.5,10.0,36.8,10.7,40.9,12.3,44.5,14.9,47.6,18.2,49.9,22.2,51.4,26.7,52.0,31.4,51.6,36.1,50.4,40.7,48.2,44.8,45.4,48.4,41.8,51.2,37.9,53.0,33.6,53.9,29.3,53.8,25.1,52.7,21.2,50.5,17.9,47.6
131.JPG,O,"0,1,0,0",17.9,47.6,15.1,43.8,13.2,39.6,12.2,35.0,12.1,30.2,12.9,25.5,14.6,21.2,17.1,17.3,20.3,14.1,24.1,11.8,28.2,10.4,32.5,10.0,36.8,10.7,40.9,12.3,44.5,14.9,47.6,18.2,49.9,22.2,51.4,26.7,52.0,31.4,51.6,36.1,50.4,40.7,48.2,44.8,45.4,48.4,41.8,51.2,37.9,53.0,33.6,53.9,29.3,53.8,25.1,52.7,21.2,50.5,17.9,47.6
88.JPG,O,"0,1,0,0",17.9,47.6,15.1,43.8,13.2,39.6,12.2,35.0,12.1,30.2,12.9,25.5,14.6,21.2,17.1,17.3,20.3,14.1,24.1,11.8,28.2,10.4,32.5,10.0,36.8,10.7,40.9,12.3,44.5,14.9,47.6,18.2,49.9,22.2,51.4,26.7,52.0,31.4,51.6,36.1,50.4,40.7,48.2,44.8,45.4,48.4,41.8,51.2,37.9,53.0,33.6,53.9,29.3,53.8,25.1,52.7,21.2,50.5,17.9,47.6
39.JPG,O,"0,1,0,0",17.9,47.6,15.1,43.8,13.2,39.6,12.2,35.0,12.1,30.2,12.9,25.5,14.6,21.2,17.1,17.3,20.3,14.1,24.1,11.8,28.2,10.4,32.5,10.0,36.8,10.7,40.9,12.3,44.5,14.9,47.6,18.2,49.9,22.2,51.4,26.7,52.0,31.4,51.6,36.1,50.4,40.7,48.2,44.8,45.4,48.4,41.8,51.2,37.9,53.0,33.6,53.9,29.3,53.8,25.1,52.7,21.2,50.5,17.9,47.6
13.JPG,O,"0,1,0,0",17.9,47.6,15.1,43.8,13.2,39.6,12.2,35.0,12.1,30.2,12.9,25.5,14.6,21.2,17.1,17.3,20.3,14.1,24.1,11.8,28.2,10.4,32.5,10.0,36.8,10.7,40.9,12.3,44.5,14.9,47.6,18.2,49.9,22.2,51.4,26.7,52.0,31.4,51.6,36.1,50.4,40.7,48.2,44.8,45.4,48.4,41.8,51.2,37.9,53.0,33.6,53.9,29.3,53.8,25.1,52.7,21.2,50.5,17.9,47.6
14.JPG,O,"0,1,0,0",17.9,47.6,15.1,43.8,13.2,39.6,12.2,35.0,12.1,30.2,12.9,25.5,14.6,21.2,17.1,17.3,20.3,14.1,24.1,11.8,28.2,10.4,32.5,10.0,36.8,10.7,40.9,12.3,44.5,14.9,47.6,18.2,49.9,22.2,51.4,26.7,52.0,31.4,51.6,36.1,50.4,40.7,48.2,44.8,45.4,48.4,41.8,51.2,37.9,53.0,33.6,53.9,29.3,53.8,25.1,52.7,21.2,50.5,17.9,47.6
75.JPG,O,"0,1,0,0",17.9,47.6,15.1,43.8,13.2,39.6,12.2,35.0,12.1,30.2,12.9,25.5,14.6,21.2,17.1,17.3,20.3,14.1,24.1,11.8,28.2,10.4,32.5,10.0,36.8,10.7,40.9,12.3,44.5,14.9,47.6,18.2,49.9,22.2,51.4,26.7,52.0,31.4,51.6,36.1,50.4,40.7,48.2,44.8,45.4,48.4,41.8,51.2,37.9,53.0,33.6,53.9,29.3,53.8,25.1,52.7,21.2,50.5,17.9,47.6
108.JPG,O,"0,1,0,0",17.9,47.6,15.1,43.8,13.2,39.6,12.2,35.0,12.1,30.2,12.9,25.5,14.6,21.2,17.1,17.3,20.3,14.1,24.1,11.8,28.2,10.4,32.5,10.0,36.8,10.7,40.9,12.3,44.5,14.9,47.6,18.2,49.9,22.2,51.4,26.7,52.0,31.4,51.6,36.1,50.4,40.7,48.2,44.8,45.4,48.4,41.8,51.2,37.9,53.0,33.6,53.9,29.3,53.8,25.1,52.7,21.2,50.5,17.9,47.6
51.JPG,O,"0,1,0,0",17.9,47.6,15.1,43.8,13.2,39.6,12.2,35.0,12.1,30.2,12.9,25.5,14.6,21.2,17.1,17.3,20.3,14.1,24.1,11.8,28.2,10.4,32.5,10.0,36.8,10.7,40.9,12.3,44.5,14.9,47.6,18.2,49.9,22.2,51.4,26.7,52.0,31.4,51.6,36.1,50.4,40.7,48.2,44.8,45.4,48.4,41.8,51.2,37.9,53.0,33.6,53.9,29.3,53.8,25.1,52.7,21.2,50.5,17.9,47.6
12.JPG,O,"0,1,0,0",17.9,47.6,15.1,43.8,13.2,39.6,12.2,35.0,12.1,30.2,12.9,25.5,14.6,21.2,17.1,17.3,20.3,14.1,24.1,11.8,28.2,10.4,32.5,10.0,36.8,10.7,40.9,12.3,44.5,14.9,47.6,18.2,49.9,22.2,51.4,26.7,52.0,31.4,51.6,36.1,50.4,40.7,48.2,44.8,45.4,48.4,41.8,51.2,37.9,53.0,33.6,53.9,29.3,53.8,25.1,52.7,21.2,50.5,17.9,47.6
86.JPG,O,"0,1,0,0",17.9,47.6,15.1,43.8,13.2,39.6,12.2,35.0,12.1,30.2,12.9,25.5,14.6,21.2,17.1,17.3,20.3,14.1,24.1,11.8,28.2,10.4,32.5,10.0,36.8,10.7,40.9,12.3,44.5,14.9,47.6,18.2,49.9,22.2,51.4,26.7,52.0,31.4,51.6,36.1,50.4,40.7,48.2,44.8,45.4,48.4,41.8,51.2,37.9,53.0,33.6,53.9,29.3,53.8,25.1,52.7,21.2,50.5,17.9,47.6
9.JPG,O,"0,1,0,0",17.9,47.6,15.1,43.8,13.2,39.6,12.2,35.0,12.1,30.2,12.9,25.5,14.6,21.2,17.1,17.3,20.3,14.1,24.1,11.8,28.2,10.4,32.5,10.0,36.8,10.7,40.9,12.3,44.5,14.9,47.6,18.2,49.9,22.2,51.4,26.7,52.0,31.4,51.6,36.1,50.4,40.7,48.2,44.8,45.4,48.4,41.8,51.2,37.9,53.0,33.6,53.9,29.3,53.8,25.1,52.7,21.2,50.5,17.9,47.6
94.JPG,O,"0,1,0,0",17.9,47.6,15.1,43.8,13.2,39.6,12.2,35.0,12.1,30.2,12.9,25.5,14.6,21.2,17.1,17.3,20.3,14.1,24.1,11.8,28.2,10.4,32.5,10.0,36.8,10.7,40.9,12.3,44.5,14.9,47.6,18.2,49.9,22.2,51.4,26.7,52.0,31.4,51.6,36.1,50.4,40.7,48.2,44.8,45.4,48.4,41.8,51.2,37.9,53.0,33.6,53.9,29.3,53.8,25.1,52.7,21.2,50.5,17.9,47.6
38.JPG,O,"0,1,0,0",17.9,47.6,15.1,43.8,13.2,39.6,12.2,35.0,12.1,30.2,12.9,25.5,14.6,21.2,17.1,17.3,20.3,14.1,24.1,11.8,28.2,10.4,32.5,10.0,36.8,10.7,40.9,12.3,44.5,14.9,47.6,18.2,49.9,22.2,51.4,26.7,52.0,31.4,51.6,36.1,50.4,40.7,48.2,44.8,45.4,48.4,41.8,51.2,37.9,53.0,33.6,53.9,29.3,53.8,25.1,52.7,21.2,50.5,17.9,47.6
64.JPG,O,"0,1,0,0",17.9,47.6,15.1,43.8,13.2,39.6,12.2,35.0,12.1,30.2,12.9,25.5,14.6,21.2,17.1,17.3,20.3,14.1,24.1,11.8,28.2,10.4,32.5,10.0,36.8,10.7,40.9,12.3,44.5,14.9,47.6,18.2,49.9,22.2,51.4,26.7,52.0,31.4,51.6,36.1,50.4,40.7,48.2,44.8,45.4,48.4,41.8,51.2,37.9,53.0,33.6,53.9,29.3,53.8,25.1,52.7,21.2,50.5,17.9,47.6
85.JPG,B,"0,0,1,0",20.0,10.0,20.0,16.9,20.0,23.7,20.0,30.6,20.0,37.4,20.0,44.3,20.0,51.1,20.0,58.0,20.0,58.0,24.0,53.4,28.0,48.8,32.0,44.2,36.0,39.6,40.0,35.0,40.0,35.0,33.3,35.0,26.7,35.0,20.0,35.0,20.0,35.0,23.3,32.2,26.7,29.3,30.0,26.5,33.3,23.7,36.7,20.8,40.0,18.0,40.0,18.0,35.5,16.5,31.0,15.0,26.5,13.5,22.0,12.0
26.JPG,B,"0,0,1,0",20.0,10.0,20.0,16.9,20.0,23.7,20.0,30.6,20.0,37.4,20.0,44.3,20.0,51.1,20.0,58.0,20.0,58.0,24.0,53.4,28.0,48.8,32.0,44.2,36.0,39.6,40.0,35.0,40.0,35.0,33.3,35.0,26.7,35.0,20.0,35.0,20.0,35.0,23.3,32.2,26.7,29.3,30.0,26.5,33.3,23.7,36.7,20.8,40.0,18.0,40.0,18.0,35.5,16.5,31.0,15.0,26.5,13.5,22.0,12.0
6.JPG,B,"0,0,1,0",20.0,10.0,20.0,16.9,20.0,23.7,20.0,30.6,20.0,37.4,20.0,44.3,20.0,51.1,20.0,58.0,20.0,58.0,24.0,53.4,28.0,48.8,32.0,44.2,36.0,39.6,40.0,35.0,40.0,35.0,33.3,35.0,26.7,35.0,20.0,35.0,20.0,35.0,23.3,32.2,26.7,29.3,30.0,26.5,33.3,23.7,36.7,20.8,40.0,18.0,40.0,18.0,35.5,16.5,31.0,15.0,26.5,13.5,22.0,12.0
24.JPG,B,"0,0,1,0",20.0,10.0,20.0,16.9,20.0,23.7,20.0,30.6,20.0,37.4,20.0,44.3,20.0,51.1,20.0,58.0,20.0,58.0,24.0,53.4,28.0,48.8,32.0,44.2,36.0,39.6,40.0,35.0,40.0,35.0,33.3,35.0,26.7,35.0,20.0,35.0,20.0,35.0,23.3,32.2,26.7,29.3,30.0,26.5,33.3,23.7,36.7,20.8,40.0,18.0,40.0,18.0,35.5,16.5,31.0,15.0,26.5,13.5,22.0,12.0
54.JPG,B,"0,0,1,0",20.0,10.0,20.0,16.9,20.0,23.7,20.0,30.6,20.0,37.4,20.0,44.3,20.0,51.1,20.0,58.0,20.0,58.0,24.0,53.4,28.0,48.8,32.0,44.2,36.0,39.6,40.0,35.0,40.0,35.0,33.3,35.0,26.7,35.0,20.0,35.0,20.0,35.0,23.3,32.2,26.7,29.3,30.0,26.5,33.3,23.7,36.7,20.8,40.0,18.0,40.0,18.0,35.5,16.5,31.0,15.0,26.5,13.5,22.0,12.0
139.JPG,B,"0,0,1,0",20.0,10.0,20.0,16.9,20.0,23.7,20.0,30.6,20.0,37.4,20.0,44.3,20.0,51.1,20.0,58.0,20.0,58.0,24.0,53.4,28.0,48.8,32.0,44.2,36.0,39.6,40.0,35.0,40.0,35.0,33.3,35.0,26.7,35.0,20.0,35.0,20.0,35.0,23.3,32.2,26.7,29.3,30.0,26.5,33.3,23.7,36.7,20.8,40.0,18.0,40.0,18.0,35.5,16.5,31.0,15.0,26.5,13.5,22.0,12.0
17.JPG,B,"0,0,1,0",20.0,10.0,20.0,16.9,20.0,23.7,20.0,30.6,20.0,37.4,20.0,44.3,20.0,51.1,20.0,58.0,20.0,58.0,24.0,53.4,28.0,48.8,32.0,44.2,36.0,39.6,40.0,35.0,40.0,35.0,33.3,35.0,26.7,35.0,20.0,35.0,20.0,35.0,23.3,32.2,26.7,29.3,30.0,26.5,33.3,23.7,36.7,20.8,40.0,18.0,40.0,18.0,35.5,16.5,31.0,15.0,26.5,13.5,22.0,12.0
146.JPG,B,"0,0,1,0",20.0,10.0,20.0,16.9,20.0,23.7,20.0,30.6,20.0,37.4,20.0,44.3,20.0,51.1,20.0,58.0,20.0,58.0,24.0,53.4,28.0,48.8,32.0,44.2,36.0,39.6,40.0,35.0,40.0,35.0,33.3,35.0,26.7,35.0,20.0,35.0,20.0,35.0,23.3,32.2,26.7,29.3,30.0,26.5,33.3,23.7,36.7,20.8,40.0,18.0,40.0,18.0,35.5,16.5,31.0,15.0,26.5,13.5,22.0,12.0
77.JPG,B,"0,0,1,0",20.0,10.0,20.0,16.9,20.0,23.7,20.0,30.6,20.0,37.4,20.0,44.3,20.0,51.1,20.0,58.0,20.0,58.0,24.0,53.4,28.0,48.8,32.0,44.2,36.0,39.6,40.0,35.0,40.0,35.0,33.3,35.0,26.7,35.0,20.0,35.0,20.0,35.0,23.3,32.2,26.7,29.3,30.0,26.5,33.3,23.7,36.7,20.8,40.0,18.0,40.0,18.0,35.5,16.5,31.0,15.0,26.5,13.5,22.0,12.0
142.JPG,B,"0,0,1,0",20.0,10.0,20.0,16.9,20.0,23.7,20.0,30.6,20.0,37.4,20.0,44.3,20.0,51.1,20.0,58.0,20.0,58.0,24.0,53.4,28.0,48.8,32.0,44.2,36.0,39.6,40.0,35.0,40.0,35.0,33.3,35.0,26.7,35.0,20.0,35.0,20.0,35.0,23.3,32.2,26.7,29.3,30.0,26.5,33.3,23.7,36.7,20.8,40.0,18.0,40.0,18.0,35.5,16.5,31.0,15.0,26.5,13.5,22.0,12.0
114.JPG,B,"0,0,1,0",20.0,10.0,20.0,16.9,20.0,23.7,20.0,30.6,20.0,37.4,20.0,44.3,20.0,51.1,20.0,58.0,20.0,58.0,24.0,53.4,28.0,48.8,32.0,44.2,36.0,39.6,40.0,35.0,40.0,35.0,33.3,35.0,26.7,35.0,20.0,35.0,20.0,35.0,23.3,32.2,26.7,29.3,30.0,26.5,33.3,23.7,36.7,20.8,40.0,18.0,40.0,18.0,35.5,16.5,31.0,15.0,26.5,13.5,22.0,12.0
96.JPG,B,"0,0,1,0",20.0,10.0,20.0,16.9,20.0,23.7,20.0,30.6,20.0,37.4,20.0,44.3,20.0,51.1,20.0,58.0,20.0,58.0,24.0,53.4,28.0,48.8,32.0,44.2,36.0,39.6,40.0,35.0,40.0,35.0,33.3,35.0,26.7,35.0,20.0,35.0,20.0,35.0,23.3,32.2,26.7,29.3,30.0,26.5,33.3,23.7,36.7,20.8,40.0,18.0,40.0,18.0,35.5,16.5,31.0,15.0,26.5,13.5,22.0,12.0
136.JPG,B,"0,0,1,0",20.0,10.0,20.0,16.9,20.0,23.7,20.0,30.6,20.0,37.4,20.0,44.3,20.0,51.1,20.0,58.0,20.0,58.0,24.0,53.4,28.0,48.8,32.0,44.2,36.0,39.6,40.0,35.0,40.0,35.0,33.3,35.0,26.7,35.0,20.0,35.0,20.0,35.0,23.3,32.2,26.7,29.3,30.0,26.5,33.3,23.7,36.7,20.8,40.0,18.0,40.0,18.0,35.5,16.5,31.0,15.0,26.5,13.5,22.0,12.0
126.JPG,B,"0,0,1,0",20.0,10.0,20.0,16.9,20.0,23.7,20.0,30.6,20.0,37.4,20.0,44.3,20.0,51.1,20.0,58.0,20.0,58.0,24.0,53.4,28.0,48.8,32.0,44.2,36.0,39.6,40.0,35.0,40.0,35.0,33.3,35.0,26.7,35.0,20.0,35.0,20.0,35.0,23.3,32.2,26.7,29.3,30.0,26.5,33.3,23.7,36.7,20.8,40.0,18.0,40.0,18.0,35.5,16.5,31.0,15.0,26.5,13.5,22.0,12.0
51.JPG,B,"0,0,1,0",20.0,10.0,20.0,16.9,20.0,23.7,20.0,30.6,20.0,37.4,20.0,44.3,20.0,51.1,20.0,58.0,20.0,58.0,24.0,53.4,28.0,48.8,32.0,44.2,36.0,39.6,40.0,35.0,40.0,35.0,33.3,35.0,26.7,35.0,20.0,35.0,20.0,35.0,23.3,32.2,26.7,29.3,30.0,26.5,33.3,23.7,36.7,20.8,40.0,18.0,40.0,18.0,35.5,16.5,31.0,15.0,26.5,13.5,22.0,12.0
84.JPG,B,"0,0,1,0",20.0,10.0,20.0,16.9,20.0,23.7,20.0,30.6,20.0,37.4,20.0,44.3,20.0,51.1,20.0,58.0,20.0,58.0,24.0,53.4,28.0,48.8,32.0,44.2,36.0,39.6,40.0,35.0,40.0,35.0,33.3,35.0,26.7,35.0,20.0,35.0,20.0,35.0,23.3,32.2,26.7,29.3,30.0,26.5,33.3,23.7,36.7,20.8,40.0,18.0,40.0,18.0,35.5,16.5,31.0,15.0,26.5,13.5,22.0,12.0
116.JPG,B,"0,0,1,0",20.0,10.0,20.0,16.9,20.0,23.7,20.0,30.6,20.0,37.4,20.0,44.3,20.0,51.1,20.0,58.0,20.0,58.0,24.0,53.4,28.0,48.8,32.0,44.2,36.0,39.6,40.0,35.0,40.0,35.0,33.3,35.0,26.7,35.0,20.0,35.0,20.0,35.0,23.3,32.2,26.7,29.3,30.0,26.5,33.3,23.7,36.7,20.8,40.0,18.0,40.0,18.0,35.5,16.5,31.0,15.0,26.5,13.5,22.0,12.0
101.JPG,B,"0,0,1,0",20.0,10.0,20.0,16.9,20.0,23.7,20.0,30.6,20.0,37.4,20.0,44.3,20.0,51.1,20.0,58.0,20.0,58.0,24.0,53.4,28.0,48.8,32.0,44.2,36.0,39.6,40.0,35.0,40.0,35.0,33.3,35.0,26.7,35.0,20.0,35.0,20.0,35.0,23.3,32.2,26.7,29.3,30.0,26.5,33.3,23.7,36.7,20.8,40.0,18.0,40.0,18.0,35.5,16.5,31.0,15.0,26.5,13.5,22.0,12.0
110.JPG,B,"0,0,1,0",20.0,10.0,20.0,16.9,20.0,23.7,20.0,30.6,20.0,37.4,20.0,44.3,20.0,51.1,20.0,58.0,20.0,58.0,24.0,53.4,28.0,48.8,32.0,44.2,36.0,39.6,40.0,35.0,40.0,35.0,33.3,35.0,26.7,35.0,20.0,35.0,20.0,35.0,23.3,32.2,26.7,29.3,30.0,26.5,33.3,23.7,36.7,20.8,40.0,18.0,40.0,18.0,35.5,16.5,31.0,15.0,26.5,13.5,22.0,12.0
97.JPG,B,"0,0,1,0",20.0,10.0,20.0,16.9,20.0,23.7,20.0,30.6,20.0,37.4,20.0,44.3,20.0,51.1,20.0,58.0,20.0,58.0,24.0,53.4,28.0,48.8,32.0,44.2,36.0,39.6,40.0,35.0,40.0,35.0,33.3,35.0,26.7,35.0,20.0,35.0,20.0,35.0,23.3,32.2,26.7,29.3,30.0,26.5,33.3,23.7,36.7,20.8,40.0,18.0,40.0,18.0,35.5,16.5,31.0,15.0,26.5,13.5,22.0,12.0
63.JPG,B,"0,0,1,0",20.0,10.0,20.0,16.9,20.0,23.7,20.0,30.6,20.0,37.4,20.0,44.3,20.0,51.1,20.0,58.0,20.0,58.0,24.0,53.4,28.0,48.8,32.0,44.2,36.0,39.6,40.0,35.0,40.0,35.0,33.3,35.0,26.7,35.0,20.0,35.0,20.0,35.0,23.3,32.2,26.7,29.3,30.0,26.5,33.3,23.7,36.7,20.8,40.0,18.0,40.0,18.0,35.5,16.5,31.0,15.0,26.5,13.5,22.0,12.0
107.JPG,B,"0,0,1,0",20.0,10.0,20.0,16.9,20.0,23.7,20.0,30.6,20.0,37.4,20.0,44.3,20.0,51.1,20.0,58.0,20.0,58.0,24.0,53.4,28.0,48.8,32.0,44.2,36.0,39.6,40.0,35.0,40.0,35.0,33.3,35.0,26.7,35.0,20.0,35.0,20.0,35.0,23.3,32.2,26.7,29.3,30.0,26.5,33.3,23.7,36.7,20.8,40.0,18.0,40.0,18.0,35.5,16.5,31.0,15.0,26.5,13.5,22.0,12.0
33.JPG,B,"0,0,1,0",20.0,10.0,20.0,16.9,20.0,23.7,20.0,30.6,20.0,37.4,20.0,44.3,20.0,51.1,20.0,58.0,20.0,58.0,24.0,53.4,28.0,48.8,32.0,44.2,36.0,39.6,40.0,35.0,40.0,35.0,33.3,35.0,26.7,35.0,20.0,35.0,20.0,35.0,23.3,32.2,26.7,29.3,30.0,26.5,33.3,23.7,36.7,20.8,40.0,18.0,40.0,18.0,35.5,16.5,31.0,15.0,26.5,13.5,22.0,12.0
99.JPG,B,"0,0,1,0",20.0,10.0,20.0,16.9,20.0,23.7,20.0,30.6,20.0,37.4,20.0,44.3,20.0,51.1,20.0,58.0,20.0,58.0,24.0,53.4,28.0,48.8,32.0,44.2,36.0,39.6,40.0,35.0,40.0,35.0,33.3,35.0,26.7,35.0,20.0,35.0,20.0,35.0,23.3,32.2,26.7,29.3,30.0,26.5,33.3,23.7,36.7,20.8,40.0,18.0,40.0,18.0,35.5,16.5,31.0,15.0,26.5,13.5,22.0,12.0
129.JPG,B,"0,0,1,0",20.0,10.0,20.0,16.9,20.0,23.7,20.0,30.6,20.0,37.4,20.0,44.3,20.0,51.1,20.0,58.0,20.0,58.0,24.0,53.4,28.0,48.8,32.0,44.2,36.0,39.6,40.0,35.0,40.0,35.0,33.3,35.0,26.7,35.0,20.0,35.0,20.0,35.0,23.3,32.2,26.7,29.3,30.0,26.5,33.3,23.7,36.7,20.8,40.0,18.0,40.0,18.0,35.5,16.5,31.0,15.0,26.5,13.5,22.0,12.0
15.JPG,B,"0,0,1,0",20.0,10.0,20.0,16.9,20.0,23.7,20.0,30.6,20.0,37.4,20.0,44.3,20.0,51.1,20.0,58.0,20.0,58.0,24.0,53.4,28.0,48.8,32.0,44.2,36.0,39.6,40.0,35.0,40.0,35.0,33.3,35.0,26.7,35.0,20.0,35.0,20.0,35.0,23.3,32.2,26.7,29.3,30.0,26.5,33.3,23.7,36.7,20.8,40.0,18.0,40.0,18.0,35.5,16.5,31.0,15.0,26.5,13.5,22.0,12.0
118.JPG,B,"0,0,1,0",20.0,10.0,20.0,16.9,20.0,23.7,20.0,30.6,20.0,37.4,20.0,44.3,20.0,51.1,20.0,58.0,20.0,58.0,24.0,53.4,28.0,48.8,32.0,44.2,36.0,39.6,40.0,35.0,40.0,35.0,33.3,35.0,26.7,35.0,20.0,35.0,20.0,35.0,23.3,32.2,26.7,29.3,30.0,26.5,33.3,23.7,36.7,20.8,40.0,18.0,40.0,18.0,35.5,16.5,31.0,15.0,26.5,13.5,22.0,12.0
115.JPG,B,"0,0,1,0",20.0,10.0,20.0,16.9,20.0,23.7,20.0,30.6,20.0,37.4,20.0,44.3,20.0,51.1,20.0,58.0,20.0,58.0,24.0,53.4,28.0,48.8,32.0,44.2,36.0,39.6,40.0,35.0,40.0,35.0,33.3,35.0,26.7,35.0,20.0,35.0,20.0,35.0,23.3,32.2,26.7,29.3,30.0,26.5,33.3,23.7,36.7,20.8,40.0,18.0,40.0,18.0,35.5,16.5,31.0,15.0,26.5,13.5,22.0,12.0
48.JPG,B,"0,0,1,0",20.0,10.0,20.0,16.9,20.0,23.7,20.0,30.6,20.0,37.4,20.0,44.3,20.0,51.1,20.0,58.0,20.0,58.0,24.0,53.4,28.0,48.8,32.0,44.2,36.0,39.6,40.0,35.0,40.0,35.0,33.3,35.0,26.7,35.0,20.0,35.0,20.0,35.0,23.3,32.2,26.7,29.3,30.0,26.5,33.3,23.7,36.7,20.8,40.0,18.0,40.0,18.0,35.5,16.5,31.0,15.0,26.5,13.5,22.0,12.0
37.JPG,B,"0,0,1,0",20.0,10.0,20.0,16.9,20.0,23.7,20.0,30.6,20.0,37.4,20.0,44.3,20.0,51.1,20.0,58.0,20.0,58.0,24.0,53.4,28.0,48.8,32.0,44.2,36.0,39.6,40.0,35.0,40.0,35.0,33.3,35.0,26.7,35.0,20.0,35.0,20.0,35.0,23.3,32.2,26.7,29.3,30.0,26.5,33.3,23.7,36.7,20.8,40.0,18.0,40.0,18.0,35.5,16.5,31.0,15.0,26.5,13.5,22.0,12.0
39.JPG,B,"0,0,1,0",20.0,10.0,20.0,16.9,20.0,23.7,20.0,30.6,20.0,37.4,20.0,44.3,20.0,51.1,20.0,58.0,20.0,58.0,24.0,53.4,28.0,48.8,32.0,44.2,36.0,39.6,40.0,35.0,40.0,35.0,33.3,35.0,26.7,35.0,20.0,35.0,20.0,35.0,23.3,32.2,26.7,29.3,30.0,26.5,33.3,23.7,36.7,20.8,40.0,18.0,40.0,18.0,35.5,16.5,31.0,15.0,26.5,13.5,22.0,12.0
88.JPG,B,"0,0,1,0",20.0,10.0,20.0,16.9,20.0,23.7,20.0,30.6,20.0,37.4,20.0,44.3,20.0,51.1,20.0,58.0,20.0,58.0,24.0,53.4,28.0,48.8,32.0,44.2,36.0,39.6,40.0,35.0,40.0,35.0,33.3,35.0,26.7,35.0,20.0,35.0,20.0,35.0,23.3,32.2,26.7,29.3,30.0,26.5,33.3,23.7,36.7,20.8,40.0,18.0,40.0,18.0,35.5,16.5,31.0,15.0,26.5,13.5,22.0,12.0
120.JPG,B,"0,0,1,0",20.0,10.0,20.0,16.9,20.0,23.7,20.0,30.6,20.0,37.4,20.0,44.3,20.0,51.1,20.0,58.0,20.0,58.0,24.0,53.4,28.0,48.8,32.0,44.2,36.0,39.6,40.0,35.0,40.0,35.0,33.3,35.0,26.7,35.0,20.0,35.0,20.0,35.0,23.3,32.2,26.7,29.3,30.0,26.5,33.3,23.7,36.7,20.8,40.0,18.0,40.0,18.0,35.5,16.5,31.0,15.0,26.5,13.5,22.0,12.0
150.JPG,B,"0,0,1,0",20.0,10.0,20.0,16.9,20.0,23.7,20.0,30.6,20.0,37.4,20.0,44.3,20.0,51.1,20.0,58.0,20.0,58.0,24.0,53.4,28.0,48.8,32.0,44.2,36.0,39.6,40.0,35.0,40.0,35.0,33.3,35.0,26.7,35.0,20.0,35.0,20.0,35.0,23.3,32.2,26.7,29.3,30.0,26.5,33.3,23.7,36.7,20.8,40.0,18.0,40.0,18.0,35.5,16.5,31.0,15.0,26.5,13.5,22.0,12.0
35.JPG,B,"0,0,1,0",20.0,10.0,20.0,16.9,20.0,23.7,20.0,30.6,20.0,37.4,20.0,44.3,20.0,51.1,20.0,58.0,20.0,58.0,24.0,53.4,28.0,48.8,32.0,44.2,36.0,39.6,40.0,35.0,40.0,35.0,33.3,35.0,26.7,35.0,20.0,35.0,20.0,35.0,23.3,32.2,26.7,29.3,30.0,26.5,33.3,23.7,36.7,20.8,40.0,18.0,40.0,18.0,35.5,16.5,31.0,15.0,26.5,13.5,22.0,12.0
130.JPG,B,"0,0,1,0",20.0,10.0,20.0,16.9,20.0,23.7,20.0,30.6,20.0,37.4,20.0,44.3,20.0,51.1,20.0,58.0,20.0,58.0,24.0,53.4,28.0,48.8,32.0,44.2,36.0,39.6,40.0,35.0,40.0,35.0,33.3,35.0,26.7,35.0,20.0,35.0,20.0,35.0,23.3,32.2,26.7,29.3,30.0,26.5,33.3,23.7,36.7,20.8,40.0,18.0,40.0,18.0,35.5,16.5,31.0,15.0,26.5,13.5,22.0,12.0
89.JPG,B,"0,0,1,0",20.0,10.0,20.0,16.9,20.0,23.7,20.0,30.6,20.0,37.4,20.0,44.3,20.0,51.1,20.0,58.0,20.0,58.0,24.0,53.4,28.0,48.8,32.0,44.2,36.0,39.6,40.0,35.0,40.0,35.0,33.3,35.0,26.7,35.0,20.0,35.0,20.0,35.0,23.3,32.2,26.7,29.3,30.0,26.5,33.3,23.7,36.7,20.8,40.0,18.0,40.0,18.0,35.5,16.5,31.0,15.0,26.5,13.5,22.0,12.0
34.JPG,B,"0,0,1,0",20.0,10.0,20.0,16.9,20.0,23.7,20.0,30.6,20.0,37.4,20.0,44.3,20.0,51.1,20.0,58.0,20.0,58.0,24.0,53.4,28.0,48.8,32.0,44.2,36.0,39.6,40.0,35.0,40.0,35.0,33.3,35.0,26.7,35.0,20.0,35.0,20.0,35.0,23.3,32.2,26.7,29.3,30.0,26.5,33.3,23.7,36.7,20.8,40.0,18.0,40.0,18.0,35.5,16.5,31.0,15.0,26.5,13.5,22.0,12.0
124.JPG,B,"0,0,1,0",20.0,10.0,20.0,16.9,20.0,23.7,20.0,30.6,20.0,37.4,20.0,44.3,20.0,51.1,20.0,58.0,20.0,58.0,24.0,53.4,28.0,48.8,32.0,44.2,36.0,39.6,40.0,35.0,40.0,35.0,33.3,35.0,26.7,35.0,20.0,35.0,20.0,35.0,23.3,32.2,26.7,29.3,30.0,26.5,33.3,23.7,36.7,20.8,40.0,18.0,40.0,18.0,35.5,16.5,31.0,15.0,26.5,13.5,22.0,12.0
74.JPG,B,"0,0,1,0",20.0,10.0,20.0,16.9,20.0,23.7,20.0,30.6,20.0,37.4,20.0,44.3,20.0,51.1,20.0,58.0,20.0,58.0,24.0,53.4,28.0,48.8,32.0,44.2,36.0,39.6,40.0,35.0,40.0,35.0,33.3,35.0,26.7,35.0,20.0,35.0,20.0,35.0,23.3,32.2,26.7,29.3,30.0,26.5,33.3,23.7,36.7,20.8,40.0,18.0,40.0,18.0,35.5,16.5,31.0,15.0,26.5,13.5,22.0,12.0
103.JPG,B,"0,0,1,0",20.0,10.0,20.0,16.9,20.0,23.7,20.0,30.6,20.0,37.4,20.0,44.3,20.0,51.1,20.0,58.0,20.0,58.0,24.0,53.4,28.0,48.8,32.0,44.2,36.0,39.6,40.0,35.0,40.0,35.0,33.3,35.0,26.7,35.0,20.0,35.0,20.0,35.0,23.3,32.2,26.7,29.3,30.0,26.5,33.3,23.7,36.7,20.8,40.0,18.0,40.0,18.0,35.5,16.5,31.0,15.0,26.5,13.5,22.0,12.0
38.JPG,B,"0,0,1,0",20.0,10.0,20.0,16.9,20.0,23.7,20.0,30.6,20.0,37.4,20.0,44.3,20.0,51.1,20.0,58.0,20.0,58.0,24.0,53.4,28.0,48.8,32.0,44.2,36.0,39.6,40.0,35.0,40.0,35.0,33.3,35.0,26.7,35.0,20.0,35.0,20.0,35.0,23.3,32.2,26.7,29.3,30.0,26.5,33.3,23.7,36.7,20.8,40.0,18.0,40.0,18.0,35.5,16.5,31.0,15.0,26.5,13.5,22.0,12.0
143.JPG,B,"0,0,1,0",20.0,10.0,20.0,16.9,20.0,23.7,20.0,30.6,20.0,37.4,20.0,44.3,20.0,51.1,20.0,58.0,20.0,58.0,24.0,53.4,28.0,48.8,32.0,44.2,36.0,39.6,40.0,35.0,40.0,35.0,33.3,35.0,26.7,35.0,20.0,35.0,20.0,35.0,23.3,32.2,26.7,29.3,30.0,26.5,33.3,23.7,36.7,20.8,40.0,18.0,40.0,18.0,35.5,16.5,31.0,15.0,26.5,13.5,22.0,12.0
52.JPG,B,"0,0,1,0",20.0,10.0,20.0,16.9,20.0,23.7,20.0,30.6,20.0,37.4,20.0,44.3,20.0,51.1,20.0,58.0,20.0,58.0,24.0,53.4,28.0,48.8,32.0,44.2,36.0,39.6,40.0,35.0,40.0,35.0,33.3,35.0,26.7,35.0,20.0,35.0,20.0,35.0,23.3,32.2,26.7,29.3,30.0,26.5,33.3,23.7,36.7,20.8,40.0,18.0,40.0,18.0,35.5,16.5,31.0,15.0,26.5,13.5,22.0,12.0
109.JPG,B,"0,0,1,0",20.0,10.0,20.0,16.9,20.0,23.7,20.0,30.6,20.0,37.4,20.0,44.3,20.0,51.1,20.0,58.0,20.0,58.0,24.0,53.4,28.0,48.8,32.0,44.2,36.0,39.6,40.0,35.0,40.0,35.0,33.3,35.0,26.7,35.0,20.0,35.0,20.0,35.0,23.3,32.2,26.7,29.3,30.0,26.5,33.3,23.7,36.7,20.8,40.0,18.0,40.0,18.0,35.5,16.5,31.0,15.0,26.5,13.5,22.0,12.0
134.JPG,B,"0,0,1,0",20.0,10.0,20.0,16.9,20.0,23.7,20.0,30.6,20.0,37.4,20.0,44.3,20.0,51.1,20.0,58.0,20.0,58.0,24.0,53.4,28.0,48.8,32.0,44.2,36.0,39.6,40.0,35.0,40.0,35.0,33.3,35.0,26.7,35.0,20.0,35.0,20.0,35.0,23.3,32.2,26.7,29.3,30.0,26.5,33.3,23.7,36.7,20.8,40.0,18.0,40.0,18.0,35.5,16.5,31.0,15.0,26.5,13.5,22.0,12.0
65.JPG,B,"0,0,1,0",20.0,10.0,20.0,16.9,20.0,23.7,20.0,30.6,20.0,37.4,20.0,44.3,20.0,51.1,20.0,58.0,20.0,58.0,24.0,53.4,28.0,48.8,32.0,44.2,36.0,39.6,40.0,35.0,40.0,35.0,33.3,35.0,26.7,35.0,20.0,35.0,20.0,35.0,23.3,32.2,26.7,29.3,30.0,26.5,33.3,23.7,36.7,20.8,40.0,18.0,40.0,18.0,35.5,16.5,31.0,15.0,26.5,13.5,22.0,12.0
53.JPG,B,"0,0,1,0",20.0,10.0,20.0,16.9,20.0,23.7,20.0,30.6,20.0,37.4,20.0,44.3,20.0,51.1,20.0,58.0,20.0,58.0,24.0,53.4,28.0,48.8,32.0,44.2,36.0,39.6,40.0,35.0,40.0,35.0,33.3,35.0,26.7,35.0,20.0,35.0,20.0,35.0,23.3,32.2,26.7,29.3,30.0,26.5,33.3,23.7,36.7,20.8,40.0,18.0,40.0,18.0,35.5,16.5,31.0,15.0,26.5,13.5,22.0,12.0
43.JPG,B,"0,0,1,0",20.0,10.0,20.0,16.9,20.0,23.7,20.0,30.6,20.0,37.4,20.0,44.3,20.0,51.1,20.0,58.0,20.0,58.0,24.0,53.4,28.0,48.8,32.0,44.2,36.0,39.6,40.0,35.0,40.0,35.0,33.3,35.0,26.7,35.0,20.0,35.0,20.0,35.0,23.3,32.2,26.7,29.3,30.0,26.5,33.3,23.7,36.7,20.8,40.0,18.0,40.0,18.0,35.5,16.5,31.0,15.0,26.5,13.5,22.0,12.0
112..JPG,B,"0,0,1,0",20.0,10.0,20.0,16.9,20.0,23.7,20.0,30.6,20.0,37.4,20.0,44.3,20.0,51.1,20.0,58.0,20.0,58.0,24.0,53.4,28.0,48.8,32.0,44.2,36.0,39.6,40.0,35.0,40.0,35.0,33.3,35.0,26.7,35.0,20.0,35.0,20.0,35.0,23.3,32.2,26.7,29.3,30.0,26.5,33.3,23.7,36.7,20.8,40.0,18.0,40.0,18.0,35.5,16.5,31.0,15.0,26.5,13.5,22.0,12.0
144.JPG,B,"0,0,1,0",20.0,10.0,20.0,16.9,20.0,23.7,20.0,30.6,20.0,37.4,20.0,44.3,20.0,51.1,20.0,58.0,20.0,58.0,24.0,53.4,28.0,48.8,32.0,44.2,36.0,39.6,40.0,35.0,40.0,35.0,33.3,35.0,26.7,35.0,20.0,35.0,20.0,35.0,23.3,32.2,26.7,29.3,30.0,26.5,33.3,23.7,36.7,20.8,40.0,18.0,40.0,18.0,35.5,16.5,31.0,15.0,26.5,13.5,22.0,12.0
127.JPG,B,"0,0,1,0",20.0,10.0,20.0,16.9,20.0,23.7,20.0,30.6,20.0,37.4,20.0,44.3,20.0,51.1,20.0,58.0,20.0,58.0,24.0,53.4,28.0,48.8,32.0,44.2,36.0,39.6,40.0,35.0,40.0,35.0,33.3,35.0,26.7,35.0,20.0,35.0,20.0,35.0,23.3,32.2,26.7,29.3,30.0,26.5,33.3,23.7,36.7,20.8,40.0,18.0,40.0,18.0,35.5,16.5,31.0,15.0,26.5,13.5,22.0,12.0
87.JPG,B,"0,0,1,0",20.0,10.0,20.0,16.9,20.0,23.7,20.0,30.6,20.0,37.4,20.0,44.3,20.0,51.1,20.0,58.0,20.0,58.0,24.0,53.4,28.0,48.8,32.0,44.2,36.0,39.6,40.0,35.0,40.0,35.0,33.3,35.0,26.7,35.0,20.0,35.0,20.0,35.0,23.3,32.2,26.7,29.3,30.0,26.5,33.3,23.7,36.7,20.8,40.0,18.0,40.0,18.0,35.5,16.5,31.0,15.0,26.5,13.5,22.0,12.0
27.JPG,B,"0,0,1,0",20.0,10.0,20.0,16.9,20.0,23.7,20.0,30.6,20.0,37.4,20.0,44.3,20.0,51.1,20.0,58.0,20.0,58.0,24.0,53.4,28.0,48.8,32.0,44.2,36.0,39.6,40.0,35.0,40.0,35.0,33.3,35.0,26.7,35.0,20.0,35.0,20.0,35.0,23.3,32.2,26.7,29.3,30.0,26.5,33.3,23.7,36.7,20.8,40.0,18.0,40.0,18.0,35.5,16.5,31.0,15.0,26.5,13.5,22.0,12.0
19.JPG,B,"0,0,1,0",20.0,10.0,20.0,16.9,20.0,23.7,20.0,30.6,20.0,37.4,20.0,44.3,20.0,51.1,20.0,58.0,20.0,58.0,24.0,53.4,28.0,48.8,32.0,44.2,36.0,39.6,40.0,35.0,40.0,35.0,33.3,35.0,26.7,35.0,20.0,35.0,20.0,35.0,23.3,32.2,26.7,29.3,30.0,26.5,33.3,23.7,36.7,20.8,40.0,18.0,40.0,18.0,35.5,16.5,31.0,15.0,26.5,13.5,22.0,12.0
68.JPG,B,"0,0,1,0",20.0,10.0,20.0,16.9,20.0,23.7,20.0,30.6,20.0,37.4,20.0,44.3,20.0,51.1,20.0,58.0,20.0,58.0,24.0,53.4,28.0,48.8,32.0,44.2,36.0,39.6,40.0,35.0,40.0,35.0,33.3,35.0,26.7,35.0,20.0,35.0,20.0,35.0,23.3,32.2,26.7,29.3,30.0,26.5,33.3,23.7,36.7,20.8,40.0,18.0,40.0,18.0,35.5,16.5,31.0,15.0,26.5,13.5,22.0,12.0
42.JPG,B,"0,0,1,0",20.0,10.0,20.0,16.9,20.0,23.7,20.0,30.6,20.0,37.4,20.0,44.3,20.0,51.1,20.0,58.0,20.0,58.0,24.0,53.4,28.0,48.8,32.0,44.2,36.0,39.6,40.0,35.0,40.0,35.0,33.3,35.0,26.7,35.0,20.0,35.0,20.0,35.0,23.3,32.2,26.7,29.3,30.0,26.5,33.3,23.7,36.7,20.8,40.0,18.0,40.0,18.0,35.5,16.5,31.0,15.0,26.5,13.5,22.0,12.0
64.JPG,B,"0,0,1,0",20.0,10.0,20.0,16.9,20.0,23.7,20.0,30.6,20.0,37.4,20.0,44.3,20.0,51.1,20.0,58.0,20.0,58.0,24.0,53.4,28.0,48.8,32.0,44.2,36.0,39.6,40.0,35.0,40.0,35.0,33.3,35.0,26.7,35.0,20.0,35.0,20.0,35.0,23.3,32.2,26.7,29.3,30.0,26.5,33.3,23.7,36.7,20.8,40.0,18.0,40.0,18.0,35.5,16.5,31.0,15.0,26.5,13.5,22.0,12.0
108.JPG,B,"0,0,1,0",20.0,10.0,20.0,16.9,20.0,23.7,20.0,30.6,20.0,37.4,20.0,44.3,20.0,51.1,20.0,58.0,20.0,58.0,24.0,53.4,28.0,48.8,32.0,44.2,36.0,39.6,40.0,35.0,40.0,35.0,33.3,35.0,26.7,35.0,20.0,35.0,20.0,35.0,23.3,32.2,26.7,29.3,30.0,26.5,33.3,23.7,36.7,20.8,40.0,18.0,40.0,18.0,35.5,16.5,31.0,15.0,26.5,13.5,22.0,12.0
56.JPG,B,"0,0,1,0",20.0,10.0,20.0,16.9,20.0,23.7,20.0,30.6,20.0,37.4,20.0,44.3,20.0,51.1,20.0,58.0,20.0,58.0,24.0,53.4,28.0,48.8,32.0,44.2,36.0,39.6,40.0,35.0,40.0,35.0,33.3,35.0,26.7,35.0,20.0,35.0,20.0,35.0,23.3,32.2,26.7,29.3,30.0,26.5,33.3,23.7,36.7,20.8,40.0,18.0,40.0,18.0,35.5,16.5,31.0,15.0,26.5,13.5,22.0,12.0
42.JPG,!,"0,0,0,1",35.0,10.0,32.5,10.0,30.0,10.0,27.5,10.0,25.0,10.0,30.0,10.0,30.0,12.0,30.0,14.0,30.0,16.0,30.0,18.0,30.0,20.0,30.0,22.0,30.0,24.0,30.0,26.0,30.0,28.0,30.0,30.0,30.0,32.0,30.0,34.0,30.0,36.0,30.0,38.0,30.0,40.0,30.0,42.0,30.0,44.0,30.0,46.0,30.0,48.0,30.0,50.0,30.0,52.0,30.0,54.0,30.0,56.0,30.0,58.0
50.JPG,!,"0,0,0,1",35.0,10.0,32.5,10.0,30.0,10.0,27.5,10.0,25.0,10.0,30.0,10.0,30.0,12.0,30.0,14.0,30.0,16.0,30.0,18.0,30.0,20.0,30.0,22.0,30.0,24.0,30.0,26.0,30.0,28.0,30.0,30.0,30.0,32.0,30.0,34.0,30.0,36.0,30.0,38.0,30.0,40.0,30.0,42.0,30.0,44.0,30.0,46.0,30.0,48.0,30.0,50.0,30.0,52.0,30.0,54.0,30.0,56.0,30.0,58.0
78.JPG,!,"0,0,0,1",35.0,10.0,32.5,10.0,30.0,10.0,27.5,10.0,25.0,10.0,30.0,10.0,30.0,12.0,30.0,14.0,30.0,16.0,30.0,18.0,30.0,20.0,30.0,22.0,30.0,24.0,30.0,26.0,30.0,28.0,30.0,30.0,30.0,32.0,30.0,34.0,30.0,36.0,30.0,38.0,30.0,40.0,30.0,42.0,30.0,44.0,30.0,46.0,30.0,48.0,30.0,50.0,30.0,52.0,30.0,54.0,30.0,56.0,30.0,58.0
99.JPG,!,"0,0,0,1",35.0,10.0,32.5,10.0,30.0,10.0,27.5,10.0,25.0,10.0,30.0,10.0,30.0,12.0,30.0,14.0,30.0,16.0,30.0,18.0,30.0,20.0,30.0,22.0,30.0,24.0,30.0,26.0,30.0,28.0,30.0,30.0,30.0,32.0,30.0,34.0,30.0,36.0,30.0,38.0,30.0,40.0,30.0,42.0,30.0,44.0,30.0,46.0,30.0,48.0,30.0,50.0,30.0,52.0,30.0,54.0,30.0,56.0,30.0,58.0
28.JPG,!,"0,0,0,1",35.0,10.0,32.5,10.0,30.0,10.0,27.5,10.0,25.0,10.0,30.0,10.0,30.0,12.0,30.0,14.0,30.0,16.0,30.0,18.0,30.0,20.0,30.0,22.0,30.0,24.0,30.0,26.0,30.0,28.0,30.0,30.0,30.0,32.0,30.0,34.0,30.0,36.0,30.0,38.0,30.0,40.0,30.0,42.0,30.0,44.0,30.0,46.0,30.0,48.0,30.0,50.0,30.0,52.0,30.0,54.0,30.0,56.0,30.0,58.0
127.JPG,!,"0,0,0,1",35.0,10.0,32.5,10.0,30.0,10.0,27.5,10.0,25.0,10.0,30.0,10.0,30.0,12.0,30.0,14.0,30.0,16.0,30.0,18.0,30.0,20.0,30.0,22.0,30.0,24.0,30.0,26.0,30.0,28.0,30.0,30.0,30.0,32.0,30.0,34.0,30.0,36.0,30.0,38.0,30.0,40.0,30.0,42.0,30.0,44.0,30.0,46.0,30.0,48.0,30.0,50.0,30.0,52.0,30.0,54.0,30.0,56.0,30.0,58.0
13.JPG,!,"0,0,0,1",35.0,10.0,32.5,10.0,30.0,10.0,27.5,10.0,25.0,10.0,30.0,10.0,30.0,12.0,30.0,14.0,30.0,16.0,30.0,18.0,30.0,20.0,30.0,22.0,30.0,24.0,30.0,26.0,30.0,28.0,30.0,30.0,30.0,32.0,30.0,34.0,30.0,36.0,30.0,38.0,30.0,40.0,30.0,42.0,30.0,44.0,30.0,46.0,30.0,48.0,30.0,50.0,30.0,52.0,30.0,54.0,30.0,56.0,30.0,58.0
16.JPG,!,"0,0,0,1",35.0,10.0,32.5,10.0,30.0,10.0,27.5,10.0,25.0,10.0,30.0,10.0,30.0,12.0,30.0,14.0,30.0,16.0,30.0,18.0,30.0,20.0,30.0,22.0,30.0,24.0,30.0,26.0,30.0,28.0,30.0,30.0,30.0,32.0,30.0,34.0,30.0,36.0,30.0,38.0,30.0,40.0,30.0,42.0,30.0,44.0,30.0,46.0,30.0,48.0,30.0,50.0,30.0,52.0,30.0,54.0,30.0,56.0,30.0,58.0
57.JPG,!,"0,0,0,1",35.0,10.0,32.5,10.0,30.0,10.0,27.5,10.0,25.0,10.0,30.0,10.0,30.0,12.0,30.0,14.0,30.0,16.0,30.0,18.0,30.0,20.0,30.0,22.0,30.0,24.0,30.0,26.0,30.0,28.0,30.0,30.0,30.0,32.0,30.0,34.0,30.0,36.0,30.0,38.0,30.0,40.0,30.0,42.0,30.0,44.0,30.0,46.0,30.0,48.0,30.0,50.0,30.0,52.0,30.0,54.0,30.0,56.0,30.0,58.0
92.JPG,!,"0,0,0,1",35.0,10.0,32.5,10.0,30.0,10.0,27.5,10.0,25.0,10.0,30.0,10.0,30.0,12.0,30.0,14.0,30.0,16.0,30.0,18.0,30.0,20.0,30.0,22.0,30.0,24.0,30.0,26.0,30.0,28.0,30.0,30.0,30.0,32.0,30.0,34.0,30.0,36.0,30.0,38.0,30.0,40.0,30.0,42.0,30.0,44.0,30.0,46.0,30.0,48.0,30.0,50.0,30.0,52.0,30.0,54.0,30.0,56.0,30.0,58.0
62.JPG,!,"0,0,0,1",35.0,10.0,32.5,10.0,30.0,10.0,27.5,10.0,25.0,10.0,30.0,10.0,30.0,12.0,30.0,14.0,30.0,16.0,30.0,18.0,30.0,20.0,30.0,22.0,30.0,24.0,30.0,26.0,30.0,28.0,30.0,30.0,30.0,32.0,30.0,34.0,30.0,36.0,30.0,38.0,30.0,40.0,30.0,42.0,30.0,44.0,30.0,46.0,30.0,48.0,30.0,50.0,30.0,52.0,30.0,54.0,30.0,56.0,30.0,58.0
67.JPG,!,"0,0,0,1",35.0,10.0,32.5,10.0,30.0,10.0,27.5,10.0,25.0,10.0,30.0,10.0,30.0,12.0,30.0,14.0,30.0,16.0,30.0,18.0,30.0,20.0,30.0,22.0,30.0,24.0,30.0,26.0,30.0,28.0,30.0,30.0,30.0,32.0,30.0,34.0,30.0,36.0,30.0,38.0,30.0,40.0,30.0,42.0,30.0,44.0,30.0,46.0,30.0,48.0,30.0,50.0,30.0,52.0,30.0,54.0,30.0,56.0,30.0,58.0
144.JPG,!,"0,0,0,1",35.0,10.0,32.5,10.0,30.0,10.0,27.5,10.0,25.0,10.0,30.0,10.0,30.0,12.0,30.0,14.0,30.0,16.0,30.0,18.0,30.0,20.0,30.0,22.0,30.0,24.0,30.0,26.0,30.0,28.0,30.0,30.0,30.0,32.0,30.0,34.0,30.0,36.0,30.0,38.0,30.0,40.0,30.0,42.0,30.0,44.0,30.0,46.0,30.0,48.0,30.0,50.0,30.0,52.0,30.0,54.0,30.0,56.0,30.0,58.0
51.JPG,!,"0,0,0,1",35.0,10.0,32.5,10.0,30.0,10.0,27.5,10.0,25.0,10.0,30.0,10.0,30.0,12.0,30.0,14.0,30.0,16.0,30.0,18.0,30.0,20.0,30.0,22.0,30.0,24.0,30.0,26.0,30.0,28.0,30.0,30.0,30.0,32.0,30.0,34.0,30.0,36.0,30.0,38.0,30.0,40.0,30.0,42.0,30.0,44.0,30.0,46.0,30.0,48.0,30.0,50.0,30.0,52.0,30.0,54.0,30.0,56.0,30.0,58.0
45.JPG,!,"0,0,0,1",35.0,10.0,32.5,10.0,30.0,10.0,27.5,10.0,25.0,10.0,30.0,10.0,30.0,12.0,30.0,14.0,30.0,16.0,30.0,18.0,30.0,20.0,30.0,22.0,30.0,24.0,30.0,26.0,30.0,28.0,30.0,30.0,30.0,32.0,30.0,34.0,30.0,36.0,30.0,38.0,30.0,40.0,30.0,42.0,30.0,44.0,30.0,46.0,30.0,48.0,30.0,50.0,30.0,52.0,30.0,54.0,30.0,56.0,30.0,58.0
9.JPG,!,"0,0,0,1",35.0,10.0,32.5,10.0,30.0,10.0,27.5,10.0,25.0,10.0,30.0,10.0,30.0,12.0,30.0,14.0,30.0,16.0,30.0,18.0,30.0,20.0,30.0,22.0,30.0,24.0,30.0,26.0,30.0,28.0,30.0,30.0,30.0,32.0,30.0,34.0,30.0,36.0,30.0,38.0,30.0,40.0,30.0,42.0,30.0,44.0,30.0,46.0,30.0,48.0,30.0,50.0,30.0,52.0,30.0,54.0,30.0,56.0,30.0,58.0
80.JPG,!,"0,0,0,1",35.0,10.0,32.5,10.0,30.0,10.0,27.5,10.0,25.0,10.0,30.0,10.0,30.0,12.0,30.0,14.0,30.0,16.0,30.0,18.0,30.0,20.0,30.0,22.0,30.0,24.0,30.0,26.0,30.0,28.0,30.0,30.0,30.0,32.0,30.0,34.0,30.0,36.0,30.0,38.0,30.0,40.0,30.0,42.0,30.0,44.0,30.0,46.0,30.0,48.0,30.0,50.0,30.0,52.0,30.0,54.0,30.0,56.0,30.0,58.0
106.JPG,!,"0,0,0,1",35.0,10.0,32.5,10.0,30.0,10.0,27.5,10.0,25.0,10.0,30.0,10.0,30.0,12.0,30.0,14.0,30.0,16.0,30.0,18.0,30.0,20.0,30.0,22.0,30.0,24.0,30.0,26.0,30.0,28.0,30.0,30.0,30.0,32.0,30.0,34.0,30.0,36.0,30.0,38.0,30.0,40.0,30.0,42.0,30.0,44.0,30.0,46.0,30.0,48.0,30.0,50.0,30.0,52.0,30.0,54.0,30.0,56.0,30.0,58.0
31.JPG,!,"0,0,0,1",35.0,10.0,32.5,10.0,30.0,10.0,27.5,10.0,25.0,10.0,30.0,10.0,30.0,12.0,30.0,14.0,30.0,16.0,30.0,18.0,30.0,20.0,30.0,22.0,30.0,24.0,30.0,26.0,30.0,28.0,30.0,30.0,30.0,32.0,30.0,34.0,30.0,36.0,30.0,38.0,30.0,40.0,30.0,42.0,30.0,44.0,30.0,46.0,30.0,48.0,30.0,50.0,30.0,52.0,30.0,54.0,30.0,56.0,30.0,58.0
75.JPG,!,"0,0,0,1",35.0,10.0,32.5,10.0,30.0,10.0,27.5,10.0,25.0,10.0,30.0,10.0,30.0,12.0,30.0,14.0,30.0,16.0,30.0,18.0,30.0,20.0,30.0,22.0,30.0,24.0,30.0,26.0,30.0,28.0,30.0,30.0,30.0,32.0,30.0,34.0,30.0,36.0,30.0,38.0,30.0,40.0,30.0,42.0,30.0,44.0,30.0,46.0,30.0,48.0,30.0,50.0,30.0,52.0,30.0,54.0,30.0,56.0,30.0,58.0
18.JPG,!,"0,0,0,1",35.0,10.0,32.5,10.0,30.0,10.0,27.5,10.0,25.0,10.0,30.0,10.0,30.0,12.0,30.0,14.0,30.0,16.0,30.0,18.0,30.0,20.0,30.0,22.0,30.0,24.0,30.0,26.0,30.0,28.0,30.0,30.0,30.0,32.0,30.0,34.0,30.0,36.0,30.0,38.0,30.0,40.0,30.0,42.0,30.0,44.0,30.0,46.0,30.0,48.0,30.0,50.0,30.0,52.0,30.0,54.0,30.0,56.0,30.0,58.0
38.JPG,!,"0,0,0,1",35.0,10.0,32.5,10.0,30.0,10.0,27.5,10.0,25.0,10.0,30.0,10.0,30.0,12.0,30.0,14.0,30.0,16.0,30.0,18.0,30.0,20.0,30.0,22.0,30.0,24.0,30.0,26.0,30.0,28.0,30.0,30.0,30.0,32.0,30.0,34.0,30.0,36.0,30.0,38.0,30.0,40.0,30.0,42.0,30.0,44.0,30.0,46.0,30.0,48.0,30.0,50.0,30.0,52.0,30.0,54.0,30.0,56.0,30.0,58.0
56.JPG,!,"0,0,0,1",35.0,10.0,32.5,10.0,30.0,10.0,27.5,10.0,25.0,10.0,30.0,10.0,30.0,12.0,30.0,14.0,30.0,16.0,30.0,18.0,30.0,20.0,30.0,22.0,30.0,24.0,30.0,26.0,30.0,28.0,30.0,30.0,30.0,32.0,30.0,34.0,30.0,36.0,30.0,38.0,30.0,40.0,30.0,42.0,30.0,44.0,30.0,46.0,30.0,48.0,30.0,50.0,30.0,52.0,30.0,54.0,30.0,56.0,30.0,58.0
14.JPG,!,"0,0,0,1",35.0,10.0,32.5,10.0,30.0,10.0,27.5,10.0,25.0,10.0,30.0,10.0,30.0,12.0,30.0,14.0,30.0,16.0,30.0,18.0,30.0,20.0,30.0,22.0,30.0,24.0,30.0,26.0,30.0,28.0,30.0,30.0,30.0,32.0,30.0,34.0,30.0,36.0,30.0,38.0,30.0,40.0,30.0,42.0,30.0,44.0,30.0,46.0,30.0,48.0,30.0,50.0,30.0,52.0,30.0,54.0,30.0,56.0,30.0,58.0
17.JPG,!,"0,0,0,1",35.0,10.0,32.5,10.0,30.0,10.0,27.5,10.0,25.0,10.0,30.0,10.0,30.0,12.0,30.0,14.0,30.0,16.0,30.0,18.0,30.0,20.0,30.0,22.0,30.0,24.0,30.0,26.0,30.0,28.0,30.0,30.0,30.0,32.0,30.0,34.0,30.0,36.0,30.0,38.0,30.0,40.0,30.0,42.0,30.0,44.0,30.0,46.0,30.0,48.0,30.0,50.0,30.0,52.0,30.0,54.0,30.0,56.0,30.0,58.0
145.JPG,!,"0,0,0,1",35.0,10.0,32.5,10.0,30.0,10.0,27.5,10.0,25.0,10.0,30.0,10.0,30.0,12.0,30.0,14.0,30.0,16.0,30.0,18.0,30.0,20.0,30.0,22.0,30.0,24.0,30.0,26.0,30.0,28.0,30.0,30.0,30.0,32.0,30.0,34.0,30.0,36.0,30.0,38.0,30.0,40.0,30.0,42.0,30.0,44.0,30.0,46.0,30.0,48.0,30.0,50.0,30.0,52.0,30.0,54.0,30.0,56.0,30.0,58.0
148.JPG,!,"0,0,0,1",35.0,10.0,32.5,10.0,30.0,10.0,27.5,10.0,25.0,10.0,30.0,10.0,30.0,12.0,30.0,14.0,30.0,16.0,30.0,18.0,30.0,20.0,30.0,22.0,30.0,24.0,30.0,26.0,30.0,28.0,30.0,30.0,30.0,32.0,30.0,34.0,30.0,36.0,30.0,38.0,30.0,40.0,30.0,42.0,30.0,44.0,30.0,46.0,30.0,48.0,30.0,50.0,30.0,52.0,30.0,54.0,30.0,56.0,30.0,58.0
116.JPG,!,"0,0,0,1",35.0,10.0,32.5,10.0,30.0,10.0,27.5,10.0,25.0,10.0,30.0,10.0,30.0,12.0,30.0,14.0,30.0,16.0,30.0,18.0,30.0,20.0,30.0,22.0,30.0,24.0,30.0,26.0,30.0,28.0,30.0,30.0,30.0,32.0,30.0,34.0,30.0,36.0,30.0,38.0,30.0,40.0,30.0,42.0,30.0,44.0,30.0,46.0,30.0,48.0,30.0,50.0,30.0,52.0,30.0,54.0,30.0,56.0,30.0,58.0
107.JPG,!,"0,0,0,1",35.0,10.0,32.5,10.0,30.0,10.0,27.5,10.0,25.0,10.0,30.0,10.0,30.0,12.0,30.0,14.0,30.0,16.0,30.0,18.0,30.0,20.0,30.0,22.0,30.0,24.0,30.0,26.0,30.0,28.0,30.0,30.0,30.0,32.0,30.0,34.0,30.0,36.0,30.0,38.0,30.0,40.0,30.0,42.0,30.0,44.0,30.0,46.0,30.0,48.0,30.0,50.0,30.0,52.0,30.0,54.0,30.0,56.0,30.0,58.0
25.JPG,!,"0,0,0,1",35.0,10.0,32.5,10.0,30.0,10.0,27.5,10.0,25.0,10.0,30.0,10.0,30.0,12.0,30.0,14.0,30.0,16.0,30.0,18.0,30.0,20.0,30.0,22.0,30.0,24.0,30.0,26.0,30.0,28.0,30.0,30.0,30.0,32.0,30.0,34.0,30.0,36.0,30.0,38.0,30.0,40.0,30.0,42.0,30.0,44.0,30.0,46.0,30.0,48.0,30.0,50.0,30.0,52.0,30.0,54.0,30.0,56.0,30.0,58.0
101.JPG,!,"0,0,0,1",35.0,10.0,32.5,10.0,30.0,10.0,27.5,10.0,25.0,10.0,30.0,10.0,30.0,12.0,30.0,14.0,30.0,16.0,30.0,18.0,30.0,20.0,30.0,22.0,30.0,24.0,30.0,26.0,30.0,28.0,30.0,30.0,30.0,32.0,30.0,34.0,30.0,36.0,30.0,38.0,30.0,40.0,30.0,42.0,30.0,44.0,30.0,46.0,30.0,48.0,30.0,50.0,30.0,52.0,30.0,54.0,30.0,56.0,30.0,58.0
98.JPG,!,"0,0,0,1",35.0,10.0,32.5,10.0,30.0,10.0,27.5,10.0,25.0,10.0,30.0,10.0,30.0,12.0,30.0,14.0,30.0,16.0,30.0,18.0,30.0,20.0,30.0,22.0,30.0,24.0,30.0,26.0,30.0,28.0,30.0,30.0,30.0,32.0,30.0,34.0,30.0,36.0,30.0,38.0,30.0,40.0,30.0,42.0,30.0,44.0,30.0,46.0,30.0,48.0,30.0,50.0,30.0,52.0,30.0,54.0,30.0,56.0,30.0,58.0
2.JPG,!,"0,0,0,1",35.0,10.0,32.5,10.0,30.0,10.0,27.5,10.0,25.0,10.0,30.0,10.0,30.0,12.0,30.0,14.0,30.0,16.0,30.0,18.0,30.0,20.0,30.0,22.0,30.0,24.0,30.0,26.0,30.0,28.0,30.0,30.0,30.0,32.0,30.0,34.0,30.0,36.0,30.0,38.0,30.0,40.0,30.0,42.0,30.0,44.0,30.0,46.0,30.0,48.0,30.0,50.0,30.0,52.0,30.0,54.0,30.0,56.0,30.0,58.0
15.JPG,!,"0,0,0,1",35.0,10.0,32.5,10.0,30.0,10.0,27.5,10.0,25.0,10.0,30.0,10.0,30.0,12.0,30.0,14.0,30.0,16.0,30.0,18.0,30.0,20.0,30.0,22.0,30.0,24.0,30.0,26.0,30.0,28.0,30.0,30.0,30.0,32.0,30.0,34.0,30.0,36.0,30.0,38.0,30.0,40.0,30.0,42.0,30.0,44.0,30.0,46.0,30.0,48.0,30.0,50.0,30.0,52.0,30.0,54.0,30.0,56.0,30.0,58.0
117.JPG,!,"0,0,0,1",35.0,10.0,32.5,10.0,30.0,10.0,27.5,10.0,25.0,10.0,30.0,10.0,30.0,12.0,30.0,14.0,30.0,16.0,30.0,18.0,30.0,20.0,30.0,22.0,30.0,24.0,30.0,26.0,30.0,28.0,30.0,30.0,30.0,32.0,30.0,34.0,30.0,36.0,30.0,38.0,30.0,40.0,30.0,42.0,30.0,44.0,30.0,46.0,30.0,48.0,30.0,50.0,30.0,52.0,30.0,54.0,30.0,56.0,30.0,58.0
8.JPG,!,"0,0,0,1",35.0,10.0,32.5,10.0,30.0,10.0,27.5,10.0,25.0,10.0,30.0,10.0,30.0,12.0,30.0,14.0,30.0,16.0,30.0,18.0,30.0,20.0,30.0,22.0,30.0,24.0,30.0,26.0,30.0,28.0,30.0,30.0,30.0,32.0,30.0,34.0,30.0,36.0,30.0,38.0,30.0,40.0,30.0,42.0,30.0,44.0,30.0,46.0,30.0,48.0,30.0,50.0,30.0,52.0,30.0,54.0,30.0,56.0,30.0,58.0
34.JPG,!,"0,0,0,1",35.0,10.0,32.5,10.0,30.0,10.0,27.5,10.0,25.0,10.0,30.0,10.0,30.0,12.0,30.0,14.0,30.0,16.0,30.0,18.0,30.0,20.0,30.0,22.0,30.0,24.0,30.0,26.0,30.0,28.0,30.0,30.0,30.0,32.0,30.0,34.0,30.0,36.0,30.0,38.0,30.0,40.0,30.0,42.0,30.0,44.0,30.0,46.0,30.0,48.0,30.0,50.0,30.0,52.0,30.0,54.0,30.0,56.0,30.0,58.0
149.JPG,!,"0,0,0,1",35.0,10.0,32.5,10.0,30.0,10.0,27.5,10.0,25.0,10.0,30.0,10.0,30.0,12.0,30.0,14.0,30.0,16.0,30.0,18.0,30.0,20.0,30.0,22.0,30.0,24.0,30.0,26.0,30.0,28.0,30.0,30.0,30.0,32.0,30.0,34.0,30.0,36.0,30.0,38.0,30.0,40.0,30.0,42.0,30.0,44.0,30.0,46.0,30.0,48.0,30.0,50.0,30.0,52.0,30.0,54.0,30.0,56.0,30.0,58.0
126.JPG,!,"0,0,0,1",35.0,10.0,32.5,10.0,30.0,10.0,27.5,10.0,25.0,10.0,30.0,10.0,30.0,12.0,30.0,14.0,30.0,16.0,30.0,18.0,30.0,20.0,30.0,22.0,30.0,24.0,30.0,26.0,30.0,28.0,30.0,30.0,30.0,32.0,30.0,34.0,30.0,36.0,30.0,38.0,30.0,40.0,30.0,42.0,30.0,44.0,30.0,46.0,30.0,48.0,30.0,50.0,30.0,52.0,30.0,54.0,30.0,56.0,30.0,58.0
61.JPG,!,"0,0,0,1",35.0,10.0,32.5,10.0,30.0,10.0,27.5,10.0,25.0,10.0,30.0,10.0,30.0,12.0,30.0,14.0,30.0,16.0,30.0,18.0,30.0,20.0,30.0,22.0,30.0,24.0,30.0,26.0,30.0,28.0,30.0,30.0,30.0,32.0,30.0,34.0,30.0,36.0,30.0,38.0,30.0,40.0,30.0,42.0,30.0,44.0,30.0,46.0,30.0,48.0,30.0,50.0,30.0,52.0,30.0,54.0,30.0,56.0,30.0,58.0
95.JPG,!,"0,0,0,1",35.0,10.0,32.5,10.0,30.0,10.0,27.5,10.0,25.0,10.0,30.0,10.0,30.0,12.0,30.0,14.0,30.0,16.0,30.0,18.0,30.0,20.0,30.0,22.0,30.0,24.0,30.0,26.0,30.0,28.0,30.0,30.0,30.0,32.0,30.0,34.0,30.0,36.0,30.0,38.0,30.0,40.0,30.0,42.0,30.0,44.0,30.0,46.0,30.0,48.0,30.0,50.0,30.0,52.0,30.0,54.0,30.0,56.0,30.0,58.0
94.JPG,!,"0,0,0,1",35.0,10.0,32.5,10.0,30.0,10.0,27.5,10.0,25.0,10.0,30.0,10.0,30.0,12.0,30.0,14.0,30.0,16.0,30.0,18.0,30.0,20.0,30.0,22.0,30.0,24.0,30.0,26.0,30.0,28.0,30.0,30.0,30.0,32.0,30.0,34.0,30.0,36.0,30.0,38.0,30.0,40.0,30.0,42.0,30.0,44.0,30.0,46.0,30.0,48.0,30.0,50.0,30.0,52.0,30.0,54.0,30.0,56.0,30.0,58.0
121.JPG,!,"0,0,0,1",35.0,10.0,32.5,10.0,30.0,10.0,27.5,10.0,25.0,10.0,30.0,10.0,30.0,12.0,30.0,14.0,30.0,16.0,30.0,18.0,30.0,20.0,30.0,22.0,30.0,24.0,30.0,26.0,30.0,28.0,30.0,30.0,30.0,32.0,30.0,34.0,30.0,36.0,30.0,38.0,30.0,40.0,30.0,42.0,30.0,44.0,30.0,46.0,30.0,48.0,30.0,50.0,30.0,52.0,30.0,54.0,30.0,56.0,30.0,58.0
41.JPG,!,"0,0,0,1",35.0,10.0,32.5,10.0,30.0,10.0,27.5,10.0,25.0,10.0,30.0,10.0,30.0,12.0,30.0,14.0,30.0,16.0,30.0,18.0,30.0,20.0,30.0,22.0,30.0,24.0,30.0,26.0,30.0,28.0,30.0,30.0,30.0,32.0,30.0,34.0,30.0,36.0,30.0,38.0,30.0,40.0,30.0,42.0,30.0,44.0,30.0,46.0,30.0,48.0,30.0,50.0,30.0,52.0,30.0,54.0,30.0,56.0,30.0,58.0
89.JPG,!,"0,0,0,1",35.0,10.0,32.5,10.0,30.0,10.0,27.5,10.0,25.0,10.0,30.0,10.0,30.0,12.0,30.0,14.0,30.0,16.0,30.0,18.0,30.0,20.0,30.0,22.0,30.0,24.0,30.0,26.0,30.0,28.0,30.0,30.0,30.0,32.0,30.0,34.0,30.0,36.0,30.0,38.0,30.0,40.0,30.0,42.0,30.0,44.0,30.0,46.0,30.0,48.0,30.0,50.0,30.0,52.0,30.0,54.0,30.0,56.0,30.0,58.0
26.JPG,!,"0,0,0,1",35.0,10.0,32.5,10.0,30.0,10.0,27.5,10.0,25.0,10.0,30.0,10.0,30.0,12.0,30.0,14.0,30.0,16.0,30.0,18.0,30.0,20.0,30.0,22.0,30.0,24.0,30.0,26.0,30.0,28.0,30.0,30.0,30.0,32.0,30.0,34.0,30.0,36.0,30.0,38.0,30.0,40.0,30.0,42.0,30.0,44.0,30.0,46.0,30.0,48.0,30.0,50.0,30.0,52.0,30.0,54.0,30.0,56.0,30.0,58.0
40.JPG,!,"0,0,0,1",35.0,10.0,32.5,10.0,30.0,10.0,27.5,10.0,25.0,10.0,30.0,10.0,30.0,12.0,30.0,14.0,30.0,16.0,30.0,18.0,30.0,20.0,30.0,22.0,30.0,24.0,30.0,26.0,30.0,28.0,30.0,30.0,30.0,32.0,30.0,34.0,30.0,36.0,30.0,38.0,30.0,40.0,30.0,42.0,30.0,44.0,30.0,46.0,30.0,48.0,30.0,50.0,30.0,52.0,30.0,54.0,30.0,56.0,30.0,58.0
19.JPG,!,"0,0,0,1",35.0,10.0,32.5,10.0,30.0,10.0,27.5,10.0,25.0,10.0,30.0,10.0,30.0,12.0,30.0,14.0,30.0,16.0,30.0,18.0,30.0,20.0,30.0,22.0,30.0,24.0,30.0,26.0,30.0,28.0,30.0,30.0,30.0,32.0,30.0,34.0,30.0,36.0,30.0,38.0,30.0,40.0,30.0,42.0,30.0,44.0,30.0,46.0,30.0,48.0,30.0,50.0,30.0,52.0,30.0,54.0,30.0,56.0,30.0,58.0
102.JPG,!,"0,0,0,1",35.0,10.0,32.5,10.0,30.0,10.0,27.5,10.0,25.0,10.0,30.0,10.0,30.0,12.0,30.0,14.0,30.0,16.0,30.0,18.0,30.0,20.0,30.0,22.0,30.0,24.0,30.0,26.0,30.0,28.0,30.0,30.0,30.0,32.0,30.0,34.0,30.0,36.0,30.0,38.0,30.0,40.0,30.0,42.0,30.0,44.0,30.0,46.0,30.0,48.0,30.0,50.0,30.0,52.0,30.0,54.0,30.0,56.0,30.0,58.0
43.JPG,!,"0,0,0,1",35.0,10.0,32.5,10.0,30.0,10.0,27.5,10.0,25.0,10.0,30.0,10.0,30.0,12.0,30.0,14.0,30.0,16.0,30.0,18.0,30.0,20.0,30.0,22.0,30.0,24.0,30.0,26.0,30.0,28.0,30.0,30.0,30.0,32.0,30.0,34.0,30.0,36.0,30.0,38.0,30.0,40.0,30.0,42.0,30.0,44.0,30.0,46.0,30.0,48.0,30.0,50.0,30.0,52.0,30.0,54.0,30.0,56.0,30.0,58.0
114.JPG,!,"0,0,0,1",35.0,10.0,32.5,10.0,30.0,10.0,27.5,10.0,25.0,10.0,30.0,10.0,30.0,12.0,30.0,14.0,30.0,16.0,30.0,18.0,30.0,20.0,30.0,22.0,30.0,24.0,30.0,26.0,30.0,28.0,30.0,30.0,30.0,32.0,30.0,34.0,30.0,36.0,30.0,38.0,30.0,40.0,30.0,42.0,30.0,44.0,30.0,46.0,30.0,48.0,30.0,50.0,30.0,52.0,30.0,54.0,30.0,56.0,30.0,58.0
115.JPG,!,"0,0,0,1",35.0,10.0,32.5,10.0,30.0,10.0,27.5,10.0,25.0,10.0,30.0,10.0,30.0,12.0,30.0,14.0,30.0,16.0,30.0,18.0,30.0,20.0,30.0,22.0,30.0,24.0,30.0,26.0,30.0,28.0,30.0,30.0,30.0,32.0,30.0,34.0,30.0,36.0,30.0,38.0,30.0,40.0,30.0,42.0,30.0,44.0,30.0,46.0,30.0,48.0,30.0,50.0,30.0,52.0,30.0,54.0,30.0,56.0,30.0,58.0
69.JPG,!,"0,0,0,1",35.0,10.0,32.5,10.0,30.0,10.0,27.5,10.0,25.0,10.0,30.0,10.0,30.0,12.0,30.0,14.0,30.0,16.0,30.0,18.0,30.0,20.0,30.0,22.0,30.0,24.0,30.0,26.0,30.0,28.0,30.0,30.0,30.0,32.0,30.0,34.0,30.0,36.0,30.0,38.0,30.0,40.0,30.0,42.0,30.0,44.0,30.0,46.0,30.0,48.0,30.0,50.0,30.0,52.0,30.0,54.0,30.0,56.0,30.0,58.0
136.JPG,!,"0,0,0,1",35.0,10.0,32.5,10.0,30.0,10.0,27.5,10.0,25.0,10.0,30.0,10.0,30.0,12.0,30.0,14.0,30.0,16.0,30.0,18.0,30.0,20.0,30.0,22.0,30.0,24.0,30.0,26.0,30.0,28.0,30.0,30.0,30.0,32.0,30.0,34.0,30.0,36.0,30.0,38.0,30.0,40.0,30.0,42.0,30.0,44.0,30.0,46.0,30.0,48.0,30.0,50.0,30.0,52.0,30.0,54.0,30.0,56.0,30.0,58.0
11.JPG,!,"0,0,0,1",35.0,10.0,32.5,10.0,30.0,10.0,27.5,10.0,25.0,10.0,30.0,10.0,30.0,12.0,30.0,14.0,30.0,16.0,30.0,18.0,30.0,20.0,30.0,22.0,30.0,24.0,30.0,26.0,30.0,28.0,30.0,30.0,30.0,32.0,30.0,34.0,30.0,36.0,30.0,38.0,30.0,40.0,30.0,42.0,30.0,44.0,30.0,46.0,30.0,48.0,30.0,50.0,30.0,52.0,30.0,54.0,30.0,56.0,30.0,58.0
24.JPG,!,"0,0,0,1",35.0,10.0,32.5,10.0,30.0,10.0,27.5,10.0,25.0,10.0,30.0,10.0,30.0,12.0,30.0,14.0,30.0,16.0,30.0,18.0,30.0,20.0,30.0,22.0,30.0,24.0,30.0,26.0,30.0,28.0,30.0,30.0,30.0,32.0,30.0,34.0,30.0,36.0,30.0,38.0,30.0,40.0,30.0,42.0,30.0,44.0,30.0,46.0,30.0,48.0,30.0,50.0,30.0,52.0,30.0,54.0,30.0,56.0,30.0,58.0
6.JPG,!,"0,0,0,1",35.0,10.0,32.5,10.0,30.0,10.0,27.5,10.0,25.0,10.0,30.0,10.0,30.0,12.0,30.0,14.0,30.0,16.0,30.0,18.0,30.0,20.0,30.0,22.0,30.0,24.0,30.0,26.0,30.0,28.0,30.0,30.0,30.0,32.0,30.0,34.0,30.0,36.0,30.0,38.0,30.0,40.0,30.0,42.0,30.0,44.0,30.0,46.0,30.0,48.0,30.0,50.0,30.0,52.0,30.0,54.0,30.0,56.0,30.0,58.0
132.JPG,!,"0,0,0,1",35.0,10.0,32.5,10.0,30.0,10.0,27.5,10.0,25.0,10.0,30.0,10.0,30.0,12.0,30.0,14.0,30.0,16.0,30.0,18.0,30.0,20.0,30.0,22.0,30.0,24.0,30.0,26.0,30.0,28.0,30.0,30.0,30.0,32.0,30.0,34.0,30.0,36.0,30.0,38.0,30.0,40.0,30.0,42.0,30.0,44.0,30.0,46.0,30.0,48.0,30.0,50.0,30.0,52.0,30.0,54.0,30.0,56.0,30.0,58.0
44.JPG,!,"0,0,0,1",35.0,10.0,32.5,10.0,30.0,10.0,27.5,10.0,25.0,10.0,30.0,10.0,30.0,12.0,30.0,14.0,30.0,16.0,30.0,18.0,30.0,20.0,30.0,22.0,30.0,24.0,30.0,26.0,30.0,28.0,30.0,30.0,30.0,32.0,30.0,34.0,30.0,36.0,30.0,38.0,30.0,40.0,30.0,42.0,30.0,44.0,30.0,46.0,30.0,48.0,30.0,50.0,30.0,52.0,30.0,54.0,30.0,56.0,30.0,58.0
139.JPG,!,"0,0,0,1",35.0,10.0,32.5,10.0,30.0,10.0,27.5,10.0,25.0,10.0,30.0,10.0,30.0,12.0,30.0,14.0,30.0,16.0,30.0,18.0,30.0,20.0,30.0,22.0,30.0,24.0,30.0,26.0,30.0,28.0,30.0,30.0,30.0,32.0,30.0,34.0,30.0,36.0,30.0,38.0,30.0,40.0,30.0,42.0,30.0,44.0,30.0,46.0,30.0,48.0,30.0,50.0,30.0,52.0,30.0,54.0,30.0,56.0,30.0,58.0
